Order_ID,Customer_ID,Category,Payment_Method,Order_Value,Discount_Percent,Est_Delivery_Days,Actual_Delivery_Days,Customer_Rating,Returned,City_Tier,Delivery_Delay,Fulfillment_Status,High_Value_Order,NetRevenue,Customer_Segmentation
ORD1000,CUST202,Beauty,CREDIT CARD,1095.24,20,3,3,4.0,No,Tier 1,0,On-Time,No,876.19,Standard Order
ORD1001,CUST279,Electronics,CASH ON DELIVERY,3381.32,20,6,6,4.0,No,Tier 1,0,On-Time,No,2705.06,Loyal & Satisfied
ORD1002,CUST192,Home & Kitchen,DEBIT CARD,416.68,5,7,8,4.0,Yes,Tier 1,1,Unknown Status,No,395.85,Standard Order
ORD1003,CUST114,Fashion,DEBIT CARD,792.9,15,7,6,1.0,No,Tier 1,-1,Early,No,673.96,Standard Order
ORD1004,CUST206,Beauty,CASH ON DELIVERY,1770.58,0,5,7,4.0,No,Tier 1,2,Unknown Status,No,1770.58,Loyal & Satisfied
ORD1005,CUST171,Books,UPI,2767.12,0,7,6,4.0,No,Tier 1,-1,Early,No,2767.12,Loyal & Satisfied
ORD1006,CUST288,Books,UPI,1533.83,0,4,4,4.0,No,Tier 2,0,On-Time,No,1533.83,Loyal & Satisfied
ORD1007,CUST120,Fashion,DEBIT CARD,558.37,10,6,8,4.0,No,Tier 3,2,Unknown Status,No,502.53,Standard Order
ORD1008,CUST202,Fashion,UPI,1547.27,10,3,3,2.0,No,Tier 1,0,On-Time,No,1392.54,Standard Order
ORD1009,CUST221,Fashion,UPI,622.41,10,7,7,4.0,Yes,Tier 2,0,On-Time,No,560.17,Standard Order
ORD1010,CUST310,Electronics,CASH ON DELIVERY,1720.85,10,6,6,2.0,No,Tier 2,0,On-Time,No,1548.76,Standard Order
ORD1011,CUST314,Beauty,UPI,3895.8,5,7,9,5.0,No,Tier 1,2,Unknown Status,Yes,3701.01,Loyal & Satisfied
ORD1012,CUST174,Books,CASH ON DELIVERY,1733.55,15,2,2,4.0,No,Tier 3,0,On-Time,No,1473.52,Loyal & Satisfied
ORD1013,CUST302,Beauty,DEBIT CARD,2584.28,20,3,5,2.0,No,Tier 2,2,Unknown Status,No,2067.42,Standard Order
ORD1014,CUST187,Beauty,UPI,202.53,0,2,1,4.0,No,Tier 1,-1,Early,No,202.53,Standard Order
ORD1015,CUST216,Home & Kitchen,CASH ON DELIVERY,1717.2,5,3,4,4.0,No,Tier 2,1,Unknown Status,No,1631.34,Loyal & Satisfied
ORD1016,CUST199,Books,DEBIT CARD,2323.44,15,6,8,1.0,Yes,Tier 1,2,Unknown Status,No,1974.92,Standard Order
ORD1017,CUST203,Beauty,UPI,249.69,5,5,5,4.0,No,Tier 2,0,On-Time,No,237.21,Standard Order
ORD1018,CUST251,Books,CASH ON DELIVERY,2663.1,15,7,7,3.0,No,Tier 1,0,On-Time,No,2263.63,Standard Order
ORD1019,CUST230,Electronics,UPI,555.98,5,7,7,5.0,No,Tier 3,0,On-Time,No,528.18,Standard Order
ORD1020,CUST249,Fashion,UPI,1513.4,5,4,5,5.0,No,Tier 1,1,Unknown Status,No,1437.73,Loyal & Satisfied
ORD1021,CUST152,Electronics,CREDIT CARD,2133.46,0,2,2,4.0,No,Tier 2,0,On-Time,No,2133.46,Loyal & Satisfied
ORD1022,CUST101,Beauty,UPI,1504.01,5,7,8,4.0,No,Tier 1,1,Unknown Status,No,1428.81,Loyal & Satisfied
ORD1023,CUST187,Home & Kitchen,CASH ON DELIVERY,316.19,15,6,6,4.0,No,Tier 2,0,On-Time,No,268.76,Standard Order
ORD1024,CUST335,Electronics,UPI,1288.56,10,5,5,4.0,No,Tier 2,0,On-Time,No,1159.7,Loyal & Satisfied
ORD1025,CUST257,Home & Kitchen,CREDIT CARD,1157.1,20,6,5,2.0,No,Tier 2,-1,Early,No,925.68,Standard Order
ORD1026,CUST137,Home & Kitchen,DEBIT CARD,2966.96,30,2,2,4.0,Yes,Tier 2,0,On-Time,No,2076.87,High Risk Transaction
ORD1027,CUST229,Fashion,CASH ON DELIVERY,821.5,10,4,4,4.0,No,Tier 2,0,On-Time,No,739.35,Standard Order
ORD1028,CUST291,Electronics,UPI,664.7,20,7,9,2.0,No,Tier 3,2,Unknown Status,No,531.76,Standard Order
ORD1029,CUST287,Home & Kitchen,UPI,1862.84,5,6,7,3.0,No,Tier 2,1,Unknown Status,No,1769.7,Standard Order
ORD1030,CUST120,Fashion,CREDIT CARD,838.61,10,3,3,5.0,No,Tier 3,0,On-Time,No,754.75,Standard Order
ORD1031,CUST260,Books,UPI,1446.48,15,5,12,5.0,No,Tier 3,7,Severe Delay,No,1229.51,Loyal & Satisfied
ORD1032,CUST303,Fashion,UPI,1447.68,5,6,7,2.0,No,Tier 1,1,Unknown Status,No,1375.3,Standard Order
ORD1033,CUST157,Beauty,UPI,2827.53,10,5,9,2.0,No,Tier 1,4,Severe Delay,No,2544.78,Standard Order
ORD1034,CUST121,Home & Kitchen,CASH ON DELIVERY,1295.63,0,7,7,3.0,No,Tier 1,0,On-Time,No,1295.63,Standard Order
ORD1035,CUST335,Home & Kitchen,CASH ON DELIVERY,1036.96,10,3,3,5.0,Yes,Tier 3,0,On-Time,No,933.26,Standard Order
ORD1036,CUST188,Beauty,CASH ON DELIVERY,379.41,30,4,3,2.0,No,Tier 1,-1,Early,No,265.59,Standard Order
ORD1037,CUST148,Fashion,CREDIT CARD,347.6,30,4,5,4.0,No,Tier 2,1,Unknown Status,No,243.32,Standard Order
ORD1038,CUST318,Electronics,CASH ON DELIVERY,401.14,15,3,2,2.0,Yes,Tier 3,-1,Early,No,340.97,Standard Order
ORD1039,CUST158,Electronics,UPI,426.27,15,5,5,4.0,No,Tier 1,0,On-Time,No,362.33,Standard Order
ORD1040,CUST269,Books,UPI,1418.93,10,7,7,3.0,No,Tier 2,0,On-Time,No,1277.04,Standard Order
ORD1041,CUST319,Home & Kitchen,DEBIT CARD,1821.03,10,6,6,4.0,No,Tier 1,0,On-Time,No,1638.93,Loyal & Satisfied
ORD1042,CUST287,Home & Kitchen,UPI,1106.01,0,3,4,3.0,No,Tier 1,1,Unknown Status,No,1106.01,Standard Order
ORD1043,CUST307,Electronics,UPI,2319.43,10,2,2,4.0,No,Tier 2,0,On-Time,No,2087.49,Loyal & Satisfied
ORD1044,CUST114,Electronics,CASH ON DELIVERY,5888.26,10,5,5,3.0,No,Tier 1,0,On-Time,Yes,5299.43,Standard Order
ORD1045,CUST289,Electronics,CREDIT CARD,2257.84,50,4,5,4.0,No,Tier 1,1,Unknown Status,No,1128.92,Loyal & Satisfied
ORD1046,CUST289,Fashion,UPI,1624.47,10,3,10,5.0,No,Tier 3,7,Severe Delay,No,1462.02,Loyal & Satisfied
ORD1047,CUST274,Home & Kitchen,CREDIT CARD,1112.41,10,4,5,2.0,No,Tier 1,1,Unknown Status,No,1001.17,Standard Order
ORD1048,CUST289,Fashion,UPI,914.9,10,5,9,5.0,No,Tier 3,4,Severe Delay,No,823.41,Standard Order
ORD1049,CUST150,Fashion,UPI,305.8,15,4,5,4.0,No,Tier 3,1,Unknown Status,No,259.93,Standard Order
ORD1050,CUST207,Beauty,CREDIT CARD,811.73,15,3,3,2.0,No,Tier 1,0,On-Time,No,689.97,Standard Order
ORD1051,CUST154,Fashion,UPI,3091.33,5,5,5,3.0,No,Tier 1,0,On-Time,No,2936.76,Standard Order
ORD1052,CUST343,Fashion,UPI,2180.45,10,2,3,2.0,Yes,Tier 2,1,Unknown Status,No,1962.4,Standard Order
ORD1053,CUST163,Books,CREDIT CARD,492.09,20,3,4,4.0,No,Tier 2,1,Unknown Status,No,393.67,Standard Order
ORD1054,CUST348,Fashion,UPI,954.2,10,6,7,4.0,No,Tier 1,1,Unknown Status,No,858.78,Standard Order
ORD1055,CUST230,Home & Kitchen,DEBIT CARD,2236.11,5,7,7,2.0,No,Tier 2,0,On-Time,No,2124.3,Standard Order
ORD1056,CUST328,Beauty,UPI,283.71,15,3,3,4.0,Yes,Tier 1,0,On-Time,No,241.15,Standard Order
ORD1057,CUST150,Beauty,CASH ON DELIVERY,788.04,20,5,5,5.0,No,Tier 3,0,On-Time,No,630.43,Standard Order
ORD1058,CUST234,Electronics,UPI,2491.37,0,7,7,5.0,No,Tier 1,0,On-Time,No,2491.37,Loyal & Satisfied
ORD1059,CUST120,Beauty,DEBIT CARD,820.81,20,3,3,4.0,No,Tier 1,0,On-Time,No,656.65,Standard Order
ORD1060,CUST172,Fashion,CASH ON DELIVERY,296.95,20,2,4,4.0,No,Tier 1,2,Unknown Status,No,237.56,Standard Order
ORD1061,CUST266,Fashion,CASH ON DELIVERY,1138.46,10,2,2,4.0,No,Tier 3,0,On-Time,No,1024.61,Loyal & Satisfied
ORD1062,CUST117,Fashion,UPI,2574.36,50,6,5,3.0,No,Tier 2,-1,Early,No,1287.18,Standard Order
ORD1063,CUST231,Beauty,CREDIT CARD,1270.75,20,4,4,5.0,No,Tier 3,0,On-Time,No,1016.6,Loyal & Satisfied
ORD1064,CUST188,Fashion,UPI,507.85,20,7,8,4.0,Yes,Tier 1,1,Unknown Status,No,406.28,Standard Order
ORD1065,CUST159,Fashion,DEBIT CARD,781.88,15,5,5,4.0,No,Tier 1,0,On-Time,No,664.6,Standard Order
ORD1066,CUST113,Home & Kitchen,CASH ON DELIVERY,917.67,0,5,5,4.0,No,Tier 1,0,On-Time,No,917.67,Standard Order
ORD1067,CUST341,Electronics,UPI,1238.91,5,4,4,5.0,No,Tier 2,0,On-Time,No,1176.96,Loyal & Satisfied
ORD1068,CUST349,Electronics,CREDIT CARD,1909.3,10,2,2,5.0,No,Tier 2,0,On-Time,No,1718.37,Loyal & Satisfied
ORD1069,CUST108,Electronics,UPI,324.93,5,2,6,3.0,No,Tier 2,4,Severe Delay,No,308.68,Standard Order
ORD1070,CUST189,Electronics,UPI,2844.94,10,3,7,3.0,No,Tier 1,4,Severe Delay,No,2560.45,Standard Order
ORD1071,CUST152,Electronics,CREDIT CARD,214.86,30,6,6,4.0,No,Tier 3,0,On-Time,No,150.4,Standard Order
ORD1072,CUST229,Electronics,DEBIT CARD,754.54,20,7,7,4.0,No,Tier 1,0,On-Time,No,603.63,Standard Order
ORD1073,CUST183,Home & Kitchen,CASH ON DELIVERY,233.36,15,6,7,3.0,Yes,Tier 3,1,Unknown Status,No,198.36,Standard Order
ORD1074,CUST191,Electronics,UPI,799.02,30,6,5,4.0,No,Tier 1,-1,Early,No,559.31,Standard Order
ORD1075,CUST210,Fashion,CREDIT CARD,1095.38,20,3,3,4.0,Yes,Tier 2,0,On-Time,No,876.3,Standard Order
ORD1076,CUST287,Beauty,UPI,1060.14,10,6,6,3.0,No,Tier 1,0,On-Time,No,954.13,Standard Order
ORD1077,CUST298,Fashion,CREDIT CARD,417.29,5,4,8,2.0,Yes,Tier 1,4,Severe Delay,No,396.43,Standard Order
ORD1078,CUST271,Home & Kitchen,UPI,1445.27,10,3,2,3.0,No,Tier 2,-1,Early,No,1300.74,Standard Order
ORD1079,CUST107,Electronics,DEBIT CARD,254.97,15,4,4,5.0,No,Tier 1,0,On-Time,No,216.72,Standard Order
ORD1080,CUST274,Electronics,CASH ON DELIVERY,1922.11,10,3,4,3.0,No,Tier 1,1,Unknown Status,No,1729.9,Standard Order
ORD1081,CUST134,Electronics,DEBIT CARD,3716.93,15,6,6,2.0,No,Tier 2,0,On-Time,Yes,3159.39,Standard Order
ORD1082,CUST305,Electronics,UPI,698.2,0,4,3,4.0,Yes,Tier 2,-1,Early,No,698.2,Standard Order
ORD1083,CUST180,Fashion,CREDIT CARD,1073.88,15,4,11,3.0,No,Tier 3,7,Severe Delay,No,912.8,Standard Order
ORD1084,CUST263,Electronics,UPI,771.54,20,4,4,1.0,No,Tier 1,0,On-Time,No,617.23,Standard Order
ORD1085,CUST149,Electronics,UPI,208.08,15,3,4,3.0,No,Tier 2,1,Unknown Status,No,176.87,Standard Order
ORD1086,CUST203,Electronics,CREDIT CARD,785.07,50,5,5,4.0,No,Tier 2,0,On-Time,No,392.54,Standard Order
ORD1087,CUST231,Fashion,CREDIT CARD,2082.65,20,6,6,4.0,No,Tier 1,0,On-Time,No,1666.12,Loyal & Satisfied
ORD1088,CUST101,Electronics,UPI,1287.58,30,4,4,3.0,No,Tier 2,0,On-Time,No,901.31,Standard Order
ORD1089,CUST233,Fashion,DEBIT CARD,328.11,30,7,6,3.0,No,Tier 1,-1,Early,No,229.68,Standard Order
ORD1090,CUST153,Fashion,UPI,2453.88,20,5,4,4.0,No,Tier 1,-1,Early,No,1963.1,Loyal & Satisfied
ORD1091,CUST205,Home & Kitchen,UPI,1108.8,15,7,9,3.0,No,Tier 1,2,Unknown Status,No,942.48,Standard Order
ORD1092,CUST103,Electronics,DEBIT CARD,2412.09,0,6,6,3.0,No,Tier 1,0,On-Time,No,2412.09,Standard Order
ORD1093,CUST153,Books,UPI,1241.63,10,6,6,3.0,No,Tier 2,0,On-Time,No,1117.47,Standard Order
ORD1094,CUST320,Home & Kitchen,UPI,1095.24,10,4,4,4.0,Yes,Tier 2,0,On-Time,No,985.72,Standard Order
ORD1095,CUST290,Electronics,CREDIT CARD,333.47,5,4,5,4.0,No,Tier 3,1,Unknown Status,No,316.8,Standard Order
ORD1096,CUST245,Beauty,CREDIT CARD,419.78,5,3,2,3.0,No,Tier 2,-1,Early,No,398.79,Standard Order
ORD1097,CUST317,Beauty,DEBIT CARD,1095.24,50,5,5,4.0,No,Tier 1,0,On-Time,No,547.62,Standard Order
ORD1098,CUST143,Electronics,CASH ON DELIVERY,511.28,30,5,4,1.0,Yes,Tier 3,-1,Early,No,357.9,High Risk Transaction
ORD1099,CUST261,Fashion,DEBIT CARD,4750.54,20,4,3,3.0,Yes,Tier 3,-1,Early,Yes,3800.43,Standard Order
ORD1100,CUST301,Books,CASH ON DELIVERY,1110.92,10,6,5,4.0,No,Tier 1,-1,Early,No,999.83,Loyal & Satisfied
ORD1101,CUST289,Home & Kitchen,UPI,375.13,0,4,6,3.0,No,Tier 2,2,Unknown Status,No,375.13,Standard Order
ORD1102,CUST327,Electronics,UPI,325.5,0,6,5,4.0,Yes,Tier 3,-1,Early,No,325.5,Standard Order
ORD1103,CUST113,Electronics,UPI,481.14,5,6,5,3.0,No,Tier 2,-1,Early,No,457.08,Standard Order
ORD1104,CUST194,Fashion,CASH ON DELIVERY,3318.56,0,4,4,4.0,No,Tier 3,0,On-Time,No,3318.56,Loyal & Satisfied
ORD1105,CUST147,Fashion,UPI,841.63,0,2,4,1.0,No,Tier 1,2,Unknown Status,No,841.63,Standard Order
ORD1106,CUST114,Home & Kitchen,CREDIT CARD,803.89,30,5,5,5.0,Yes,Tier 1,0,On-Time,No,562.72,High Risk Transaction
ORD1107,CUST299,Fashion,CASH ON DELIVERY,1095.24,15,7,7,2.0,No,Tier 1,0,On-Time,No,930.95,Standard Order
ORD1108,CUST305,Fashion,DEBIT CARD,390.88,5,6,5,5.0,No,Tier 2,-1,Early,No,371.34,Standard Order
ORD1109,CUST314,Home & Kitchen,CREDIT CARD,1002.97,0,6,6,3.0,Yes,Tier 3,0,On-Time,No,1002.97,Standard Order
ORD1110,CUST348,Electronics,CREDIT CARD,367.18,10,2,2,4.0,No,Tier 3,0,On-Time,No,330.46,Standard Order
ORD1111,CUST289,Fashion,DEBIT CARD,2365.67,0,7,7,3.0,No,Tier 1,0,On-Time,No,2365.67,Standard Order
ORD1112,CUST139,Home & Kitchen,CREDIT CARD,755.2,30,3,3,5.0,No,Tier 1,0,On-Time,No,528.64,Standard Order
ORD1113,CUST312,Beauty,CASH ON DELIVERY,763.63,10,2,2,2.0,No,Tier 3,0,On-Time,No,687.27,Standard Order
ORD1114,CUST307,Fashion,UPI,970.96,10,7,6,2.0,Yes,Tier 2,-1,Early,No,873.86,Standard Order
ORD1115,CUST336,Fashion,CREDIT CARD,904.66,5,2,2,4.0,Yes,Tier 1,0,On-Time,No,859.43,Standard Order
ORD1116,CUST181,Electronics,CASH ON DELIVERY,6524.37,0,6,5,2.0,No,Tier 2,-1,Early,Yes,6524.37,Standard Order
ORD1117,CUST210,Fashion,UPI,1145.96,15,5,6,2.0,No,Tier 2,1,Unknown Status,No,974.07,Standard Order
ORD1118,CUST152,Fashion,CASH ON DELIVERY,310.8,15,2,9,5.0,No,Tier 2,7,Severe Delay,No,264.18,Standard Order
ORD1119,CUST123,Electronics,UPI,1320.36,15,3,10,4.0,No,Tier 2,7,Severe Delay,No,1122.31,Loyal & Satisfied
ORD1120,CUST253,Fashion,CASH ON DELIVERY,397.26,0,4,6,3.0,No,Tier 1,2,Unknown Status,No,397.26,Standard Order
ORD1121,CUST316,Fashion,DEBIT CARD,237.71,10,7,8,5.0,No,Tier 3,1,Unknown Status,No,213.94,Standard Order
ORD1122,CUST287,Electronics,UPI,4437.93,10,2,3,4.0,No,Tier 2,1,Unknown Status,Yes,3994.14,Loyal & Satisfied
ORD1123,CUST223,Fashion,UPI,1982.22,30,2,2,3.0,No,Tier 1,0,On-Time,No,1387.55,Standard Order
ORD1124,CUST336,Electronics,DEBIT CARD,4900.99,5,3,4,4.0,No,Tier 1,1,Unknown Status,Yes,4655.94,Loyal & Satisfied
ORD1125,CUST140,Fashion,CASH ON DELIVERY,979.83,5,5,5,4.0,No,Tier 2,0,On-Time,No,930.84,Standard Order
ORD1126,CUST256,Electronics,UPI,1111.8,15,2,2,4.0,Yes,Tier 1,0,On-Time,No,945.03,Standard Order
ORD1127,CUST114,Beauty,UPI,421.19,15,2,3,3.0,No,Tier 1,1,Unknown Status,No,358.01,Standard Order
ORD1128,CUST144,Home & Kitchen,DEBIT CARD,540.28,10,5,5,4.0,No,Tier 2,0,On-Time,No,486.25,Standard Order
ORD1129,CUST164,Home & Kitchen,UPI,1095.24,10,3,3,1.0,No,Tier 1,0,On-Time,No,985.72,Standard Order
ORD1130,CUST188,Books,CASH ON DELIVERY,728.41,10,7,11,2.0,Yes,Tier 2,4,Severe Delay,No,655.57,Standard Order
ORD1131,CUST170,Fashion,UPI,2304.07,30,7,6,1.0,No,Tier 1,-1,Early,No,1612.85,Standard Order
ORD1132,CUST108,Electronics,CREDIT CARD,1681.38,10,2,2,4.0,No,Tier 2,0,On-Time,No,1513.24,Loyal & Satisfied
ORD1133,CUST187,Fashion,DEBIT CARD,434.01,30,5,9,5.0,No,Tier 1,4,Severe Delay,No,303.81,Standard Order
ORD1134,CUST228,Home & Kitchen,UPI,1049.78,10,2,3,4.0,No,Tier 1,1,Unknown Status,No,944.8,Standard Order
ORD1135,CUST335,Home & Kitchen,CASH ON DELIVERY,1557.56,30,4,4,4.0,Yes,Tier 1,0,On-Time,No,1090.29,High Risk Transaction
ORD1136,CUST235,Fashion,CASH ON DELIVERY,521.51,20,7,7,3.0,No,Tier 3,0,On-Time,No,417.21,Standard Order
ORD1137,CUST315,Electronics,UPI,2331.22,5,6,6,2.0,No,Tier 3,0,On-Time,No,2214.66,Standard Order
ORD1138,CUST162,Fashion,CASH ON DELIVERY,1144.49,30,4,6,3.0,No,Tier 1,2,Unknown Status,No,801.14,Standard Order
ORD1139,CUST238,Fashion,UPI,416.74,0,2,2,3.0,No,Tier 2,0,On-Time,No,416.74,Standard Order
ORD1140,CUST342,Home & Kitchen,UPI,1249.56,30,3,3,4.0,No,Tier 2,0,On-Time,No,874.69,Loyal & Satisfied
ORD1141,CUST180,Home & Kitchen,UPI,9990.6,15,7,6,4.0,No,Tier 3,-1,Early,Yes,8492.01,Loyal & Satisfied
ORD1142,CUST235,Fashion,CREDIT CARD,395.76,0,6,5,1.0,Yes,Tier 1,-1,Early,No,395.76,Standard Order
ORD1143,CUST262,Beauty,UPI,2236.33,15,4,11,1.0,No,Tier 2,7,Severe Delay,No,1900.88,Standard Order
ORD1144,CUST262,Home & Kitchen,CREDIT CARD,478.79,50,7,7,2.0,No,Tier 1,0,On-Time,No,239.4,Standard Order
ORD1145,CUST132,Electronics,CASH ON DELIVERY,2030.05,0,5,6,3.0,No,Tier 1,1,Unknown Status,No,2030.05,Standard Order
ORD1146,CUST222,Electronics,CREDIT CARD,1791.72,10,3,2,5.0,No,Tier 3,-1,Early,No,1612.55,Loyal & Satisfied
ORD1147,CUST104,Electronics,CASH ON DELIVERY,628.85,15,4,5,4.0,No,Tier 2,1,Unknown Status,No,534.52,Standard Order
ORD1148,CUST333,Electronics,CASH ON DELIVERY,673.12,20,5,9,5.0,Yes,Tier 1,4,Severe Delay,No,538.5,Standard Order
ORD1149,CUST330,Electronics,DEBIT CARD,2087.27,10,2,2,4.0,No,Tier 1,0,On-Time,No,1878.54,Loyal & Satisfied
ORD1150,CUST349,Electronics,UPI,942.64,5,5,4,3.0,Yes,Tier 2,-1,Early,No,895.51,Standard Order
ORD1151,CUST140,Fashion,CASH ON DELIVERY,1774.84,0,4,4,2.0,No,Tier 2,0,On-Time,No,1774.84,Standard Order
ORD1152,CUST127,Electronics,DEBIT CARD,392.18,10,4,5,5.0,No,Tier 1,1,Unknown Status,No,352.96,Standard Order
ORD1153,CUST234,Beauty,UPI,2497.18,10,2,2,4.0,No,Tier 3,0,On-Time,No,2247.46,Loyal & Satisfied
ORD1154,CUST300,Electronics,CASH ON DELIVERY,1689.12,30,5,7,2.0,No,Tier 1,2,Unknown Status,No,1182.38,Standard Order
ORD1155,CUST171,Fashion,CASH ON DELIVERY,3049.45,0,5,6,4.0,No,Tier 1,1,Unknown Status,No,3049.45,Loyal & Satisfied
ORD1156,CUST111,Fashion,CREDIT CARD,370.39,15,2,4,4.0,No,Tier 3,2,Unknown Status,No,314.83,Standard Order
ORD1157,CUST261,Beauty,CREDIT CARD,1095.24,0,5,6,4.0,No,Tier 1,1,Unknown Status,No,1095.24,Standard Order
ORD1158,CUST132,Electronics,UPI,1296.91,0,7,6,5.0,No,Tier 1,-1,Early,No,1296.91,Loyal & Satisfied
ORD1159,CUST147,Fashion,CASH ON DELIVERY,723.35,10,2,2,4.0,No,Tier 2,0,On-Time,No,651.02,Standard Order
ORD1160,CUST346,Beauty,UPI,936.02,10,3,3,4.0,Yes,Tier 3,0,On-Time,No,842.42,Standard Order
ORD1161,CUST250,Beauty,CREDIT CARD,246.47,15,4,8,1.0,No,Tier 1,4,Severe Delay,No,209.5,Standard Order
ORD1162,CUST161,Books,UPI,1843.84,30,3,4,1.0,No,Tier 3,1,Unknown Status,No,1290.69,Standard Order
ORD1163,CUST315,Fashion,CASH ON DELIVERY,1156.4,15,7,8,2.0,No,Tier 2,1,Unknown Status,No,982.94,Standard Order
ORD1164,CUST136,Electronics,CASH ON DELIVERY,271.37,50,7,7,1.0,No,Tier 1,0,On-Time,No,135.68,Standard Order
ORD1165,CUST198,Home & Kitchen,UPI,1570.16,30,6,6,4.0,No,Tier 2,0,On-Time,No,1099.11,Loyal & Satisfied
ORD1166,CUST271,Beauty,UPI,954.59,10,6,7,4.0,No,Tier 1,1,Unknown Status,No,859.13,Standard Order
ORD1167,CUST203,Home & Kitchen,CASH ON DELIVERY,242.08,20,6,6,2.0,No,Tier 1,0,On-Time,No,193.66,Standard Order
ORD1168,CUST313,Home & Kitchen,CREDIT CARD,4392.28,15,2,2,5.0,No,Tier 2,0,On-Time,Yes,3733.44,Loyal & Satisfied
ORD1169,CUST318,Fashion,UPI,3773.76,0,5,6,2.0,No,Tier 3,1,Unknown Status,Yes,3773.76,Standard Order
ORD1170,CUST134,Books,UPI,1063.15,15,7,6,3.0,No,Tier 1,-1,Early,No,903.68,Standard Order
ORD1171,CUST292,Electronics,UPI,318.03,0,3,3,3.0,No,Tier 1,0,On-Time,No,318.03,Standard Order
ORD1172,CUST326,Fashion,CREDIT CARD,1885.94,10,3,3,3.0,No,Tier 2,0,On-Time,No,1697.35,Standard Order
ORD1173,CUST200,Fashion,UPI,1012.57,15,3,2,3.0,No,Tier 1,-1,Early,No,860.68,Standard Order
ORD1174,CUST274,Fashion,UPI,632.21,0,3,10,4.0,Yes,Tier 1,7,Severe Delay,No,632.21,Standard Order
ORD1175,CUST305,Electronics,DEBIT CARD,1011.36,5,6,6,3.0,No,Tier 1,0,On-Time,No,960.79,Standard Order
ORD1176,CUST230,Electronics,CREDIT CARD,1086.89,30,3,2,4.0,No,Tier 2,-1,Early,No,760.82,Standard Order
ORD1177,CUST100,Home & Kitchen,CREDIT CARD,1192.6,15,5,5,1.0,No,Tier 1,0,On-Time,No,1013.71,Standard Order
ORD1178,CUST104,Fashion,CREDIT CARD,898.41,5,6,7,2.0,No,Tier 1,1,Unknown Status,No,853.49,Standard Order
ORD1179,CUST317,Home & Kitchen,DEBIT CARD,1316.94,15,3,3,1.0,No,Tier 3,0,On-Time,No,1119.4,Standard Order
ORD1180,CUST346,Electronics,DEBIT CARD,3212.04,10,2,2,4.0,No,Tier 3,0,On-Time,No,2890.84,Loyal & Satisfied
ORD1181,CUST241,Fashion,CASH ON DELIVERY,739.8,10,4,3,1.0,No,Tier 2,-1,Early,No,665.82,Standard Order
ORD1182,CUST202,Fashion,UPI,1752.31,50,4,3,5.0,No,Tier 1,-1,Early,No,876.16,Loyal & Satisfied
ORD1183,CUST126,Electronics,CASH ON DELIVERY,2898.31,15,4,4,4.0,Yes,Tier 2,0,On-Time,No,2463.56,Standard Order
ORD1184,CUST236,Fashion,UPI,930.52,5,6,8,4.0,No,Tier 1,2,Unknown Status,No,883.99,Standard Order
ORD1185,CUST306,Electronics,DEBIT CARD,903.21,20,3,5,4.0,No,Tier 1,2,Unknown Status,No,722.57,Standard Order
ORD1186,CUST114,Electronics,DEBIT CARD,1305.92,30,7,6,2.0,No,Tier 2,-1,Early,No,914.14,Standard Order
ORD1187,CUST189,Beauty,CASH ON DELIVERY,1274.04,0,7,7,2.0,No,Tier 1,0,On-Time,No,1274.04,Standard Order
ORD1188,CUST141,Fashion,UPI,2171.53,5,7,11,3.0,No,Tier 1,4,Severe Delay,No,2062.95,Standard Order
ORD1189,CUST223,Books,CASH ON DELIVERY,976.62,5,6,6,4.0,No,Tier 1,0,On-Time,No,927.79,Standard Order
ORD1190,CUST304,Fashion,UPI,6863.22,15,5,7,3.0,No,Tier 1,2,Unknown Status,Yes,5833.74,Standard Order
ORD1191,CUST278,Home & Kitchen,CASH ON DELIVERY,273.58,15,2,1,2.0,No,Tier 1,-1,Early,No,232.54,Standard Order
ORD1192,CUST162,Books,CREDIT CARD,203.81,15,2,6,4.0,No,Tier 3,4,Severe Delay,No,173.24,Standard Order
ORD1193,CUST195,Home & Kitchen,UPI,1426.64,30,4,5,1.0,No,Tier 1,1,Unknown Status,No,998.65,Standard Order
ORD1194,CUST330,Fashion,UPI,625.33,20,4,8,5.0,No,Tier 1,4,Severe Delay,No,500.26,Standard Order
ORD1195,CUST340,Fashion,UPI,529.93,0,7,8,4.0,No,Tier 1,1,Unknown Status,No,529.93,Standard Order
ORD1196,CUST151,Fashion,DEBIT CARD,648.58,5,7,7,3.0,No,Tier 3,0,On-Time,No,616.15,Standard Order
ORD1197,CUST195,Beauty,UPI,554.93,10,4,8,2.0,No,Tier 2,4,Severe Delay,No,499.44,Standard Order
ORD1198,CUST231,Books,DEBIT CARD,237.53,5,3,3,2.0,No,Tier 1,0,On-Time,No,225.65,Standard Order
ORD1199,CUST321,Beauty,CASH ON DELIVERY,4470.81,15,5,5,4.0,No,Tier 3,0,On-Time,Yes,3800.19,Loyal & Satisfied
ORD1200,CUST328,Electronics,CREDIT CARD,499.3,30,5,6,4.0,No,Tier 1,1,Unknown Status,No,349.51,Standard Order
ORD1201,CUST250,Home & Kitchen,UPI,1789.25,5,5,6,4.0,No,Tier 1,1,Unknown Status,No,1699.79,Loyal & Satisfied
ORD1202,CUST330,Beauty,DEBIT CARD,1925.59,10,5,9,5.0,Yes,Tier 1,4,Severe Delay,No,1733.03,Standard Order
ORD1203,CUST336,Electronics,UPI,3378.45,20,4,4,4.0,No,Tier 1,0,On-Time,No,2702.76,Loyal & Satisfied
ORD1204,CUST242,Electronics,DEBIT CARD,237.23,10,2,3,2.0,No,Tier 1,1,Unknown Status,No,213.51,Standard Order
ORD1205,CUST270,Home & Kitchen,UPI,2667.32,0,4,5,3.0,Yes,Tier 2,1,Unknown Status,No,2667.32,Standard Order
ORD1206,CUST128,Home & Kitchen,DEBIT CARD,1098.97,10,5,4,5.0,No,Tier 1,-1,Early,No,989.07,Loyal & Satisfied
ORD1207,CUST135,Books,UPI,1401.38,0,4,4,3.0,No,Tier 2,0,On-Time,No,1401.38,Standard Order
ORD1208,CUST112,Electronics,CASH ON DELIVERY,1440.98,30,5,5,1.0,No,Tier 1,0,On-Time,No,1008.69,Standard Order
ORD1209,CUST259,Books,UPI,2256.41,0,6,6,4.0,No,Tier 1,0,On-Time,No,2256.41,Loyal & Satisfied
ORD1210,CUST170,Electronics,UPI,686.69,10,7,14,3.0,Yes,Tier 1,7,Severe Delay,No,618.02,Standard Order
ORD1211,CUST286,Electronics,CREDIT CARD,1784.84,10,2,3,5.0,No,Tier 3,1,Unknown Status,No,1606.36,Loyal & Satisfied
ORD1212,CUST342,Electronics,UPI,1102.4,50,6,7,4.0,Yes,Tier 1,1,Unknown Status,No,551.2,High Risk Transaction
ORD1213,CUST185,Books,CREDIT CARD,2092.33,0,3,10,2.0,No,Tier 2,7,Severe Delay,No,2092.33,Standard Order
ORD1214,CUST127,Home & Kitchen,UPI,5793.58,0,4,4,5.0,No,Tier 1,0,On-Time,Yes,5793.58,Loyal & Satisfied
ORD1215,CUST165,Fashion,CREDIT CARD,468.75,0,3,5,3.0,No,Tier 1,2,Unknown Status,No,468.75,Standard Order
ORD1216,CUST269,Fashion,CASH ON DELIVERY,6476.49,0,4,4,3.0,No,Tier 1,0,On-Time,Yes,6476.49,Standard Order
ORD1217,CUST144,Beauty,CREDIT CARD,312.93,5,7,9,3.0,No,Tier 1,2,Unknown Status,No,297.28,Standard Order
ORD1218,CUST161,Fashion,UPI,202.78,15,6,6,1.0,No,Tier 1,0,On-Time,No,172.36,Standard Order
ORD1219,CUST284,Books,CASH ON DELIVERY,254.2,5,7,11,4.0,No,Tier 1,4,Severe Delay,No,241.49,Standard Order
ORD1220,CUST344,Fashion,DEBIT CARD,701.86,0,5,5,2.0,Yes,Tier 2,0,On-Time,No,701.86,Standard Order
ORD1221,CUST233,Fashion,DEBIT CARD,1095.24,20,7,7,3.0,No,Tier 1,0,On-Time,No,876.19,Standard Order
ORD1222,CUST127,Fashion,CREDIT CARD,285.83,5,7,8,3.0,No,Tier 2,1,Unknown Status,No,271.54,Standard Order
ORD1223,CUST127,Fashion,CREDIT CARD,206.82,5,5,5,4.0,Yes,Tier 1,0,On-Time,No,196.48,Standard Order
ORD1224,CUST207,Home & Kitchen,UPI,3519.28,5,4,5,5.0,No,Tier 2,1,Unknown Status,No,3343.32,Loyal & Satisfied
ORD1225,CUST143,Fashion,UPI,2270.67,50,5,5,2.0,No,Tier 2,0,On-Time,No,1135.34,Standard Order
ORD1226,CUST183,Electronics,UPI,2187.73,0,6,7,3.0,No,Tier 1,1,Unknown Status,No,2187.73,Standard Order
ORD1227,CUST129,Beauty,UPI,1095.24,30,7,7,3.0,No,Tier 1,0,On-Time,No,766.67,Standard Order
ORD1228,CUST289,Fashion,UPI,1644.9,20,5,4,2.0,No,Tier 2,-1,Early,No,1315.92,Standard Order
ORD1229,CUST174,Fashion,CASH ON DELIVERY,332.32,0,7,7,4.0,No,Tier 3,0,On-Time,No,332.32,Standard Order
ORD1230,CUST227,Beauty,CREDIT CARD,811.19,50,6,6,4.0,No,Tier 1,0,On-Time,No,405.6,Standard Order
ORD1231,CUST349,Home & Kitchen,CASH ON DELIVERY,1741.13,5,3,3,2.0,Yes,Tier 1,0,On-Time,No,1654.07,Standard Order
ORD1232,CUST346,Electronics,UPI,594.76,0,6,6,3.0,No,Tier 3,0,On-Time,No,594.76,Standard Order
ORD1233,CUST191,Beauty,CASH ON DELIVERY,1595.42,20,2,2,2.0,No,Tier 1,0,On-Time,No,1276.34,Standard Order
ORD1234,CUST316,Home & Kitchen,CASH ON DELIVERY,229.76,15,2,1,4.0,No,Tier 2,-1,Early,No,195.3,Standard Order
ORD1235,CUST330,Fashion,CASH ON DELIVERY,638.58,15,2,2,2.0,No,Tier 1,0,On-Time,No,542.79,Standard Order
ORD1236,CUST289,Electronics,UPI,1155.89,0,7,9,4.0,Yes,Tier 1,2,Unknown Status,No,1155.89,Standard Order
ORD1237,CUST324,Books,CASH ON DELIVERY,1399.9,10,4,4,4.0,No,Tier 2,0,On-Time,No,1259.91,Loyal & Satisfied
ORD1238,CUST228,Home & Kitchen,UPI,1232.58,20,4,4,3.0,No,Tier 2,0,On-Time,No,986.06,Standard Order
ORD1239,CUST220,Fashion,UPI,1635.83,5,4,5,4.0,Yes,Tier 1,1,Unknown Status,No,1554.04,Standard Order
ORD1240,CUST126,Beauty,CASH ON DELIVERY,207.33,5,7,7,5.0,No,Tier 2,0,On-Time,No,196.96,Standard Order
ORD1241,CUST289,Books,UPI,327.69,0,6,7,4.0,Yes,Tier 2,1,Unknown Status,No,327.69,Standard Order
ORD1242,CUST220,Electronics,DEBIT CARD,2638.56,0,4,4,2.0,No,Tier 2,0,On-Time,No,2638.56,Standard Order
ORD1243,CUST215,Fashion,UPI,1573.9,30,3,3,3.0,No,Tier 1,0,On-Time,No,1101.73,Standard Order
ORD1244,CUST304,Electronics,CASH ON DELIVERY,343.8,10,2,1,5.0,No,Tier 2,-1,Early,No,309.42,Standard Order
ORD1245,CUST332,Home & Kitchen,DEBIT CARD,2414.76,50,6,7,4.0,No,Tier 2,1,Unknown Status,No,1207.38,Loyal & Satisfied
ORD1246,CUST102,Electronics,DEBIT CARD,532.85,5,2,3,4.0,No,Tier 2,1,Unknown Status,No,506.21,Standard Order
ORD1247,CUST202,Home & Kitchen,UPI,980.7,15,4,3,5.0,No,Tier 2,-1,Early,No,833.6,Standard Order
ORD1248,CUST297,Books,DEBIT CARD,388.26,5,6,6,5.0,No,Tier 1,0,On-Time,No,368.85,Standard Order
ORD1249,CUST299,Beauty,UPI,1685.9,5,5,12,5.0,No,Tier 2,7,Severe Delay,No,1601.6,Loyal & Satisfied
ORD1250,CUST254,Fashion,UPI,1519.01,0,3,3,2.0,No,Tier 2,0,On-Time,No,1519.01,Standard Order
ORD1251,CUST236,Books,CREDIT CARD,484.56,5,4,4,4.0,Yes,Tier 1,0,On-Time,No,460.33,Standard Order
ORD1252,CUST161,Electronics,UPI,2588.84,10,4,8,4.0,No,Tier 1,4,Severe Delay,No,2329.96,Loyal & Satisfied
ORD1253,CUST264,Books,DEBIT CARD,815.61,50,3,4,4.0,No,Tier 1,1,Unknown Status,No,407.8,Standard Order
ORD1254,CUST324,Electronics,UPI,615.25,15,3,3,4.0,Yes,Tier 2,0,On-Time,No,522.96,Standard Order
ORD1255,CUST150,Fashion,UPI,398.32,0,5,6,2.0,No,Tier 1,1,Unknown Status,No,398.32,Standard Order
ORD1256,CUST333,Books,CREDIT CARD,571.37,0,4,6,4.0,No,Tier 2,2,Unknown Status,No,571.37,Standard Order
ORD1257,CUST271,Electronics,DEBIT CARD,226.73,0,7,7,4.0,Yes,Tier 3,0,On-Time,No,226.73,Standard Order
ORD1258,CUST251,Electronics,CREDIT CARD,1250.34,10,4,4,2.0,No,Tier 2,0,On-Time,No,1125.31,Standard Order
ORD1259,CUST306,Home & Kitchen,DEBIT CARD,2415.95,20,2,2,4.0,No,Tier 3,0,On-Time,No,1932.76,Loyal & Satisfied
ORD1260,CUST158,Home & Kitchen,UPI,1155.49,30,6,13,2.0,No,Tier 3,7,Severe Delay,No,808.84,Standard Order
ORD1261,CUST217,Home & Kitchen,CREDIT CARD,497.04,0,6,7,3.0,No,Tier 1,1,Unknown Status,No,497.04,Standard Order
ORD1262,CUST259,Home & Kitchen,CASH ON DELIVERY,241.1,10,2,1,1.0,No,Tier 2,-1,Early,No,216.99,Standard Order
ORD1263,CUST195,Fashion,DEBIT CARD,489.92,10,6,8,3.0,No,Tier 1,2,Unknown Status,No,440.93,Standard Order
ORD1264,CUST315,Fashion,CASH ON DELIVERY,845.67,15,3,3,4.0,No,Tier 3,0,On-Time,No,718.82,Standard Order
ORD1265,CUST332,Fashion,CREDIT CARD,1910.6,10,6,5,4.0,Yes,Tier 1,-1,Early,No,1719.54,Standard Order
ORD1266,CUST279,Electronics,CASH ON DELIVERY,449.67,15,6,6,4.0,Yes,Tier 3,0,On-Time,No,382.22,Standard Order
ORD1267,CUST212,Beauty,CASH ON DELIVERY,1726.67,15,2,2,5.0,No,Tier 2,0,On-Time,No,1467.67,Loyal & Satisfied
ORD1268,CUST161,Home & Kitchen,CREDIT CARD,2620.29,0,5,7,3.0,No,Tier 2,2,Unknown Status,No,2620.29,Standard Order
ORD1269,CUST340,Fashion,UPI,926.05,20,6,6,2.0,No,Tier 1,0,On-Time,No,740.84,Standard Order
ORD1270,CUST285,Fashion,CASH ON DELIVERY,2267.34,0,7,9,5.0,No,Tier 1,2,Unknown Status,No,2267.34,Loyal & Satisfied
ORD1271,CUST151,Beauty,CASH ON DELIVERY,1170.69,15,6,6,2.0,No,Tier 2,0,On-Time,No,995.09,Standard Order
ORD1272,CUST111,Electronics,UPI,1416.32,10,5,4,4.0,Yes,Tier 1,-1,Early,No,1274.69,Standard Order
ORD1273,CUST138,Home & Kitchen,CASH ON DELIVERY,1096.56,10,2,9,5.0,No,Tier 3,7,Severe Delay,No,986.9,Loyal & Satisfied
ORD1274,CUST229,Fashion,CASH ON DELIVERY,946.49,30,5,5,4.0,Yes,Tier 1,0,On-Time,No,662.54,High Risk Transaction
ORD1275,CUST230,Home & Kitchen,CASH ON DELIVERY,520.91,30,2,2,4.0,No,Tier 2,0,On-Time,No,364.64,Standard Order
ORD1276,CUST212,Electronics,UPI,633.5,20,3,3,2.0,No,Tier 1,0,On-Time,No,506.8,Standard Order
ORD1277,CUST200,Beauty,UPI,610.94,10,2,4,3.0,No,Tier 2,2,Unknown Status,No,549.85,Standard Order
ORD1278,CUST212,Beauty,CASH ON DELIVERY,1194.18,15,3,3,4.0,No,Tier 2,0,On-Time,No,1015.05,Loyal & Satisfied
ORD1279,CUST283,Home & Kitchen,UPI,353.34,10,3,3,3.0,No,Tier 1,0,On-Time,No,318.01,Standard Order
ORD1280,CUST180,Home & Kitchen,DEBIT CARD,3183.69,30,2,1,5.0,No,Tier 1,-1,Early,No,2228.58,Loyal & Satisfied
ORD1281,CUST286,Beauty,DEBIT CARD,1730.37,10,7,7,1.0,No,Tier 1,0,On-Time,No,1557.33,Standard Order
ORD1282,CUST212,Home & Kitchen,CASH ON DELIVERY,815.89,50,4,5,4.0,Yes,Tier 2,1,Unknown Status,No,407.94,High Risk Transaction
ORD1283,CUST101,Electronics,UPI,407.26,30,2,2,4.0,No,Tier 2,0,On-Time,No,285.08,Standard Order
ORD1284,CUST229,Home & Kitchen,UPI,2764.41,15,6,6,4.0,No,Tier 2,0,On-Time,No,2349.75,Loyal & Satisfied
ORD1285,CUST319,Home & Kitchen,UPI,2283.21,5,7,7,3.0,No,Tier 2,0,On-Time,No,2169.05,Standard Order
ORD1286,CUST153,Fashion,UPI,1734.96,0,7,7,3.0,Yes,Tier 1,0,On-Time,No,1734.96,Standard Order
ORD1287,CUST186,Home & Kitchen,DEBIT CARD,580.2,30,6,10,5.0,No,Tier 1,4,Severe Delay,No,406.14,Standard Order
ORD1288,CUST328,Beauty,UPI,817.89,0,4,4,2.0,No,Tier 1,0,On-Time,No,817.89,Standard Order
ORD1289,CUST323,Beauty,UPI,330.1,30,7,14,5.0,No,Tier 1,7,Severe Delay,No,231.07,Standard Order
ORD1290,CUST324,Fashion,UPI,451.44,10,3,3,4.0,Yes,Tier 3,0,On-Time,No,406.3,Standard Order
ORD1291,CUST228,Electronics,UPI,2033.52,10,4,4,4.0,Yes,Tier 3,0,On-Time,No,1830.17,Standard Order
ORD1292,CUST246,Beauty,UPI,1706.48,30,6,8,4.0,No,Tier 1,2,Unknown Status,No,1194.54,Loyal & Satisfied
ORD1293,CUST225,Books,CREDIT CARD,1280.16,15,4,4,3.0,No,Tier 2,0,On-Time,No,1088.14,Standard Order
ORD1294,CUST229,Electronics,UPI,2912.89,10,2,3,4.0,No,Tier 3,1,Unknown Status,No,2621.6,Loyal & Satisfied
ORD1295,CUST152,Beauty,UPI,1250.37,10,4,11,5.0,No,Tier 1,7,Severe Delay,No,1125.33,Loyal & Satisfied
ORD1296,CUST271,Beauty,UPI,955.01,5,3,2,3.0,No,Tier 1,-1,Early,No,907.26,Standard Order
ORD1297,CUST317,Fashion,UPI,699.29,20,2,1,4.0,No,Tier 1,-1,Early,No,559.43,Standard Order
ORD1298,CUST259,Home & Kitchen,UPI,3585.1,5,5,6,4.0,No,Tier 2,1,Unknown Status,No,3405.84,Loyal & Satisfied
ORD1299,CUST297,Fashion,UPI,303.61,30,6,6,2.0,No,Tier 3,0,On-Time,No,212.53,Standard Order
ORD1300,CUST259,Electronics,UPI,3406.42,30,6,6,3.0,Yes,Tier 2,0,On-Time,No,2384.49,High Risk Transaction
ORD1301,CUST346,Fashion,UPI,2303.38,5,4,3,4.0,Yes,Tier 1,-1,Early,No,2188.21,Standard Order
ORD1302,CUST167,Books,UPI,367.02,15,7,6,3.0,No,Tier 1,-1,Early,No,311.97,Standard Order
ORD1303,CUST282,Electronics,UPI,1198.85,10,2,3,5.0,Yes,Tier 2,1,Unknown Status,No,1078.96,Standard Order
ORD1304,CUST302,Fashion,CASH ON DELIVERY,2616.82,5,5,4,5.0,No,Tier 3,-1,Early,No,2485.98,Loyal & Satisfied
ORD1305,CUST283,Fashion,CREDIT CARD,1217.82,50,2,2,3.0,Yes,Tier 2,0,On-Time,No,608.91,High Risk Transaction
ORD1306,CUST222,Fashion,DEBIT CARD,3052.77,0,6,7,2.0,No,Tier 2,1,Unknown Status,No,3052.77,Standard Order
ORD1307,CUST244,Beauty,CREDIT CARD,3637.3,5,2,2,4.0,No,Tier 1,0,On-Time,Yes,3455.44,Loyal & Satisfied
ORD1308,CUST137,Fashion,CASH ON DELIVERY,858.62,10,5,4,3.0,No,Tier 3,-1,Early,No,772.76,Standard Order
ORD1309,CUST123,Fashion,DEBIT CARD,768.45,10,7,8,4.0,Yes,Tier 2,1,Unknown Status,No,691.6,Standard Order
ORD1310,CUST168,Home & Kitchen,UPI,3504.68,10,4,3,3.0,No,Tier 1,-1,Early,No,3154.21,Standard Order
ORD1311,CUST215,Fashion,CASH ON DELIVERY,1549.23,20,3,4,4.0,No,Tier 2,1,Unknown Status,No,1239.38,Loyal & Satisfied
ORD1312,CUST197,Electronics,UPI,347.99,15,2,4,4.0,No,Tier 1,2,Unknown Status,No,295.79,Standard Order
ORD1313,CUST297,Fashion,UPI,251.85,15,3,3,3.0,Yes,Tier 1,0,On-Time,No,214.07,Standard Order
ORD1314,CUST313,Electronics,CASH ON DELIVERY,1197.87,0,6,6,3.0,No,Tier 1,0,On-Time,No,1197.87,Standard Order
ORD1315,CUST238,Electronics,UPI,3394.05,5,4,4,3.0,No,Tier 1,0,On-Time,No,3224.35,Standard Order
ORD1316,CUST339,Fashion,CASH ON DELIVERY,2431.39,5,4,4,3.0,No,Tier 1,0,On-Time,No,2309.82,Standard Order
ORD1317,CUST243,Fashion,CASH ON DELIVERY,1551.85,5,2,4,4.0,No,Tier 1,2,Unknown Status,No,1474.26,Loyal & Satisfied
ORD1318,CUST196,Beauty,UPI,379.75,10,7,9,5.0,Yes,Tier 2,2,Unknown Status,No,341.78,Standard Order
ORD1319,CUST300,Fashion,DEBIT CARD,552.01,0,4,4,3.0,No,Tier 2,0,On-Time,No,552.01,Standard Order
ORD1320,CUST223,Home & Kitchen,CREDIT CARD,2700.25,5,2,3,4.0,No,Tier 1,1,Unknown Status,No,2565.24,Loyal & Satisfied
ORD1321,CUST286,Home & Kitchen,UPI,442.26,5,2,6,4.0,No,Tier 1,4,Severe Delay,No,420.15,Standard Order
ORD1322,CUST169,Electronics,CASH ON DELIVERY,591.61,30,3,10,3.0,No,Tier 2,7,Severe Delay,No,414.13,Standard Order
ORD1323,CUST307,Home & Kitchen,UPI,366.56,30,4,4,3.0,Yes,Tier 1,0,On-Time,No,256.59,High Risk Transaction
ORD1324,CUST192,Electronics,UPI,1552.82,15,2,2,5.0,No,Tier 1,0,On-Time,No,1319.9,Loyal & Satisfied
ORD1325,CUST102,Beauty,UPI,3658.51,30,3,3,4.0,Yes,Tier 3,0,On-Time,Yes,2560.96,High Risk Transaction
ORD1326,CUST247,Electronics,UPI,575.96,20,5,12,4.0,No,Tier 2,7,Severe Delay,No,460.77,Standard Order
ORD1327,CUST286,Fashion,UPI,974.16,10,3,2,4.0,No,Tier 3,-1,Early,No,876.74,Standard Order
ORD1328,CUST263,Electronics,CREDIT CARD,1407.26,0,3,3,1.0,No,Tier 2,0,On-Time,No,1407.26,Standard Order
ORD1329,CUST246,Beauty,CREDIT CARD,9242.7,20,2,2,4.0,No,Tier 1,0,On-Time,Yes,7394.16,Loyal & Satisfied
ORD1330,CUST189,Fashion,CREDIT CARD,332.86,15,6,6,4.0,No,Tier 2,0,On-Time,No,282.93,Standard Order
ORD1331,CUST294,Home & Kitchen,CREDIT CARD,1028.35,15,6,6,4.0,No,Tier 1,0,On-Time,No,874.1,Standard Order
ORD1332,CUST246,Electronics,CREDIT CARD,783.59,20,7,14,3.0,No,Tier 1,7,Severe Delay,No,626.87,Standard Order
ORD1333,CUST247,Home & Kitchen,CREDIT CARD,2610.29,10,6,5,2.0,Yes,Tier 1,-1,Early,No,2349.26,Standard Order
ORD1334,CUST195,Electronics,UPI,975.44,15,3,3,2.0,No,Tier 3,0,On-Time,No,829.12,Standard Order
ORD1335,CUST298,Beauty,CASH ON DELIVERY,341.16,30,7,6,4.0,No,Tier 1,-1,Early,No,238.81,Standard Order
ORD1336,CUST151,Electronics,UPI,1407.54,5,2,2,3.0,No,Tier 3,0,On-Time,No,1337.16,Standard Order
ORD1337,CUST332,Electronics,CREDIT CARD,1967.69,15,4,4,4.0,No,Tier 3,0,On-Time,No,1672.54,Loyal & Satisfied
ORD1338,CUST260,Electronics,UPI,203.46,10,3,3,1.0,No,Tier 2,0,On-Time,No,183.11,Standard Order
ORD1339,CUST267,Fashion,UPI,2550.43,15,3,3,1.0,No,Tier 2,0,On-Time,No,2167.87,Standard Order
ORD1340,CUST227,Home & Kitchen,UPI,446.99,20,7,7,4.0,No,Tier 2,0,On-Time,No,357.59,Standard Order
ORD1341,CUST138,Electronics,CASH ON DELIVERY,1163.74,0,2,1,4.0,No,Tier 3,-1,Early,No,1163.74,Loyal & Satisfied
ORD1342,CUST181,Books,UPI,845.01,15,5,5,4.0,No,Tier 1,0,On-Time,No,718.26,Standard Order
ORD1343,CUST203,Fashion,CASH ON DELIVERY,1726.08,5,3,10,3.0,No,Tier 2,7,Severe Delay,No,1639.78,Standard Order
ORD1344,CUST228,Fashion,DEBIT CARD,756.66,15,5,9,4.0,No,Tier 2,4,Severe Delay,No,643.16,Standard Order
ORD1345,CUST110,Fashion,UPI,2646.08,10,5,5,2.0,Yes,Tier 3,0,On-Time,No,2381.47,Standard Order
ORD1346,CUST319,Fashion,DEBIT CARD,1773.41,20,6,6,2.0,No,Tier 2,0,On-Time,No,1418.73,Standard Order
ORD1347,CUST284,Home & Kitchen,CREDIT CARD,1095.24,0,2,6,4.0,No,Tier 2,4,Severe Delay,No,1095.24,Standard Order
ORD1348,CUST316,Electronics,CREDIT CARD,2108.98,15,5,4,3.0,No,Tier 2,-1,Early,No,1792.63,Standard Order
ORD1349,CUST277,Electronics,CASH ON DELIVERY,1883.02,5,2,4,3.0,No,Tier 3,2,Unknown Status,No,1788.87,Standard Order
ORD1350,CUST250,Beauty,UPI,243.92,30,6,10,4.0,No,Tier 2,4,Severe Delay,No,170.74,Standard Order
ORD1351,CUST258,Beauty,DEBIT CARD,802.51,30,2,1,4.0,No,Tier 1,-1,Early,No,561.76,Standard Order
ORD1352,CUST321,Fashion,UPI,3405.03,50,3,3,5.0,No,Tier 2,0,On-Time,No,1702.52,Loyal & Satisfied
ORD1353,CUST141,Fashion,CASH ON DELIVERY,361.23,20,5,12,3.0,No,Tier 3,7,Severe Delay,No,288.98,Standard Order
ORD1354,CUST198,Home & Kitchen,CREDIT CARD,1803.16,20,2,2,1.0,No,Tier 2,0,On-Time,No,1442.53,Standard Order
ORD1355,CUST106,Fashion,UPI,4607.22,5,4,3,3.0,No,Tier 3,-1,Early,Yes,4376.86,Standard Order
ORD1356,CUST243,Electronics,UPI,264.33,5,2,2,4.0,No,Tier 1,0,On-Time,No,251.11,Standard Order
ORD1357,CUST189,Electronics,CREDIT CARD,1575.58,10,5,5,4.0,No,Tier 2,0,On-Time,No,1418.02,Loyal & Satisfied
ORD1358,CUST211,Home & Kitchen,DEBIT CARD,957.68,20,6,7,4.0,No,Tier 2,1,Unknown Status,No,766.14,Standard Order
ORD1359,CUST348,Home & Kitchen,CREDIT CARD,1238.65,30,6,7,1.0,No,Tier 3,1,Unknown Status,No,867.06,Standard Order
ORD1360,CUST343,Electronics,UPI,307.05,0,5,12,4.0,Yes,Tier 1,7,Severe Delay,No,307.05,Standard Order
ORD1361,CUST159,Electronics,DEBIT CARD,252.75,30,3,3,1.0,No,Tier 3,0,On-Time,No,176.92,Standard Order
ORD1362,CUST212,Electronics,DEBIT CARD,1519.05,15,3,3,4.0,No,Tier 2,0,On-Time,No,1291.19,Loyal & Satisfied
ORD1363,CUST101,Home & Kitchen,CREDIT CARD,2280.03,15,6,6,5.0,Yes,Tier 1,0,On-Time,No,1938.03,Standard Order
ORD1364,CUST228,Electronics,UPI,2028.0,0,6,6,4.0,No,Tier 1,0,On-Time,No,2028.0,Loyal & Satisfied
ORD1365,CUST147,Electronics,CASH ON DELIVERY,1095.24,0,5,5,4.0,No,Tier 1,0,On-Time,No,1095.24,Standard Order
ORD1366,CUST239,Books,UPI,326.26,10,3,10,4.0,No,Tier 2,7,Severe Delay,No,293.63,Standard Order
ORD1367,CUST296,Electronics,UPI,1597.87,15,6,8,5.0,No,Tier 1,2,Unknown Status,No,1358.19,Loyal & Satisfied
ORD1368,CUST136,Home & Kitchen,CASH ON DELIVERY,532.31,5,3,3,4.0,No,Tier 1,0,On-Time,No,505.69,Standard Order
ORD1369,CUST259,Electronics,DEBIT CARD,3103.87,10,6,7,1.0,No,Tier 3,1,Unknown Status,No,2793.48,Standard Order
ORD1370,CUST346,Electronics,CASH ON DELIVERY,2386.16,30,2,2,4.0,No,Tier 1,0,On-Time,No,1670.31,Loyal & Satisfied
ORD1371,CUST108,Electronics,DEBIT CARD,1682.9,20,4,4,3.0,No,Tier 1,0,On-Time,No,1346.32,Standard Order
ORD1372,CUST332,Home & Kitchen,DEBIT CARD,3767.5,30,7,8,4.0,No,Tier 2,1,Unknown Status,Yes,2637.25,Loyal & Satisfied
ORD1373,CUST198,Beauty,CASH ON DELIVERY,238.31,5,2,2,4.0,No,Tier 2,0,On-Time,No,226.39,Standard Order
ORD1374,CUST246,Books,DEBIT CARD,1799.08,5,7,14,4.0,No,Tier 2,7,Severe Delay,No,1709.13,Loyal & Satisfied
ORD1375,CUST147,Fashion,DEBIT CARD,681.01,15,6,7,3.0,No,Tier 1,1,Unknown Status,No,578.86,Standard Order
ORD1376,CUST307,Home & Kitchen,UPI,3038.19,10,4,4,2.0,No,Tier 2,0,On-Time,No,2734.37,Standard Order
ORD1377,CUST230,Electronics,UPI,572.2,0,4,5,4.0,No,Tier 2,1,Unknown Status,No,572.2,Standard Order
ORD1378,CUST247,Fashion,UPI,1748.55,5,6,6,5.0,No,Tier 1,0,On-Time,No,1661.12,Loyal & Satisfied
ORD1379,CUST251,Beauty,UPI,2721.01,10,6,6,4.0,No,Tier 1,0,On-Time,No,2448.91,Loyal & Satisfied
ORD1380,CUST153,Electronics,CASH ON DELIVERY,251.06,5,3,3,3.0,No,Tier 1,0,On-Time,No,238.51,Standard Order
ORD1381,CUST219,Electronics,CREDIT CARD,808.3,5,6,6,5.0,Yes,Tier 1,0,On-Time,No,767.88,Standard Order
ORD1382,CUST260,Electronics,CREDIT CARD,1924.14,5,5,6,5.0,No,Tier 2,1,Unknown Status,No,1827.93,Loyal & Satisfied
ORD1383,CUST251,Electronics,CREDIT CARD,928.18,0,6,6,3.0,Yes,Tier 2,0,On-Time,No,928.18,Standard Order
ORD1384,CUST215,Electronics,UPI,573.15,15,5,6,1.0,Yes,Tier 1,1,Unknown Status,No,487.18,Standard Order
ORD1385,CUST174,Home & Kitchen,UPI,497.85,10,6,6,4.0,No,Tier 1,0,On-Time,No,448.07,Standard Order
ORD1386,CUST212,Fashion,DEBIT CARD,369.21,15,3,3,5.0,No,Tier 1,0,On-Time,No,313.83,Standard Order
ORD1387,CUST299,Beauty,CREDIT CARD,2534.98,0,5,7,4.0,No,Tier 2,2,Unknown Status,No,2534.98,Loyal & Satisfied
ORD1388,CUST263,Books,CASH ON DELIVERY,1227.8,5,2,2,5.0,Yes,Tier 1,0,On-Time,No,1166.41,Standard Order
ORD1389,CUST265,Fashion,CASH ON DELIVERY,295.35,15,5,5,4.0,No,Tier 2,0,On-Time,No,251.05,Standard Order
ORD1390,CUST203,Fashion,CREDIT CARD,778.65,10,3,3,4.0,Yes,Tier 1,0,On-Time,No,700.78,Standard Order
ORD1391,CUST183,Fashion,CREDIT CARD,750.13,10,7,7,1.0,No,Tier 2,0,On-Time,No,675.12,Standard Order
ORD1392,CUST326,Home & Kitchen,CREDIT CARD,440.69,5,5,4,3.0,No,Tier 3,-1,Early,No,418.66,Standard Order
ORD1393,CUST211,Fashion,UPI,886.19,30,6,7,4.0,No,Tier 1,1,Unknown Status,No,620.33,Standard Order
ORD1394,CUST316,Home & Kitchen,UPI,684.34,5,6,6,4.0,No,Tier 2,0,On-Time,No,650.12,Standard Order
ORD1395,CUST198,Fashion,UPI,701.9,10,7,7,4.0,Yes,Tier 3,0,On-Time,No,631.71,Standard Order
ORD1396,CUST252,Home & Kitchen,UPI,1812.0,15,3,10,4.0,No,Tier 1,7,Severe Delay,No,1540.2,Loyal & Satisfied
ORD1397,CUST192,Fashion,CASH ON DELIVERY,503.18,10,4,4,3.0,No,Tier 2,0,On-Time,No,452.86,Standard Order
ORD1398,CUST245,Fashion,CASH ON DELIVERY,1432.2,5,6,8,4.0,No,Tier 1,2,Unknown Status,No,1360.59,Loyal & Satisfied
ORD1399,CUST227,Beauty,DEBIT CARD,1214.58,10,2,1,2.0,No,Tier 2,-1,Early,No,1093.12,Standard Order
ORD1400,CUST209,Books,UPI,1207.45,20,3,3,3.0,Yes,Tier 1,0,On-Time,No,965.96,Standard Order
ORD1401,CUST181,Electronics,UPI,1505.23,5,5,7,4.0,No,Tier 3,2,Unknown Status,No,1429.97,Loyal & Satisfied
ORD1402,CUST293,Beauty,UPI,1153.9,0,5,5,4.0,No,Tier 2,0,On-Time,No,1153.9,Loyal & Satisfied
ORD1403,CUST153,Fashion,CASH ON DELIVERY,2736.89,5,2,3,4.0,No,Tier 2,1,Unknown Status,No,2600.05,Loyal & Satisfied
ORD1404,CUST262,Beauty,UPI,1550.86,20,6,6,3.0,Yes,Tier 2,0,On-Time,No,1240.69,Standard Order
ORD1405,CUST307,Books,DEBIT CARD,1150.14,0,3,2,4.0,Yes,Tier 2,-1,Early,No,1150.14,Standard Order
ORD1406,CUST288,Fashion,UPI,2324.68,50,2,2,3.0,No,Tier 1,0,On-Time,No,1162.34,Standard Order
ORD1407,CUST268,Electronics,CREDIT CARD,1318.13,10,6,6,3.0,No,Tier 3,0,On-Time,No,1186.32,Standard Order
ORD1408,CUST327,Fashion,UPI,612.92,50,3,5,5.0,No,Tier 3,2,Unknown Status,No,306.46,Standard Order
ORD1409,CUST260,Fashion,CREDIT CARD,478.46,30,5,5,4.0,Yes,Tier 2,0,On-Time,No,334.92,High Risk Transaction
ORD1410,CUST167,Home & Kitchen,CREDIT CARD,398.31,10,3,10,5.0,No,Tier 3,7,Severe Delay,No,358.48,Standard Order
ORD1411,CUST132,Fashion,DEBIT CARD,2956.58,0,7,14,3.0,No,Tier 2,7,Severe Delay,No,2956.58,Standard Order
ORD1412,CUST241,Electronics,CASH ON DELIVERY,1686.01,0,4,4,5.0,No,Tier 2,0,On-Time,No,1686.01,Loyal & Satisfied
ORD1413,CUST120,Books,UPI,3524.77,5,3,3,1.0,No,Tier 2,0,On-Time,No,3348.53,Standard Order
ORD1414,CUST147,Beauty,CREDIT CARD,1309.47,15,4,6,5.0,No,Tier 1,2,Unknown Status,No,1113.05,Loyal & Satisfied
ORD1415,CUST247,Fashion,UPI,969.58,5,3,10,3.0,No,Tier 1,7,Severe Delay,No,921.1,Standard Order
ORD1416,CUST347,Electronics,CASH ON DELIVERY,273.89,5,4,4,3.0,No,Tier 1,0,On-Time,No,260.2,Standard Order
ORD1417,CUST227,Fashion,CASH ON DELIVERY,1536.38,10,7,7,4.0,Yes,Tier 2,0,On-Time,No,1382.74,Standard Order
ORD1418,CUST235,Electronics,UPI,1247.33,30,5,5,5.0,No,Tier 1,0,On-Time,No,873.13,Loyal & Satisfied
ORD1419,CUST234,Beauty,CASH ON DELIVERY,1095.24,0,6,7,1.0,No,Tier 1,1,Unknown Status,No,1095.24,Standard Order
ORD1420,CUST294,Electronics,DEBIT CARD,528.0,0,4,4,3.0,No,Tier 3,0,On-Time,No,528.0,Standard Order
ORD1421,CUST244,Home & Kitchen,CREDIT CARD,1107.91,0,7,8,5.0,No,Tier 1,1,Unknown Status,No,1107.91,Loyal & Satisfied
ORD1422,CUST227,Fashion,UPI,1463.07,30,4,3,3.0,No,Tier 2,-1,Early,No,1024.15,Standard Order
ORD1423,CUST132,Home & Kitchen,DEBIT CARD,1441.38,15,5,4,2.0,No,Tier 1,-1,Early,No,1225.17,Standard Order
ORD1424,CUST275,Home & Kitchen,UPI,1188.71,5,4,4,3.0,No,Tier 1,0,On-Time,No,1129.27,Standard Order
ORD1425,CUST303,Books,CREDIT CARD,1095.24,0,7,7,3.0,No,Tier 2,0,On-Time,No,1095.24,Standard Order
ORD1426,CUST286,Electronics,CASH ON DELIVERY,475.27,5,7,7,5.0,No,Tier 2,0,On-Time,No,451.51,Standard Order
ORD1427,CUST214,Electronics,CREDIT CARD,1751.92,0,2,2,4.0,Yes,Tier 2,0,On-Time,No,1751.92,Standard Order
ORD1428,CUST313,Electronics,UPI,1360.26,30,5,5,4.0,No,Tier 1,0,On-Time,No,952.18,Loyal & Satisfied
ORD1429,CUST218,Beauty,UPI,2916.9,20,2,2,4.0,No,Tier 2,0,On-Time,No,2333.52,Loyal & Satisfied
ORD1430,CUST121,Beauty,UPI,2454.31,10,5,5,4.0,No,Tier 1,0,On-Time,No,2208.88,Loyal & Satisfied
ORD1431,CUST337,Home & Kitchen,UPI,654.26,30,4,11,1.0,No,Tier 1,7,Severe Delay,No,457.98,Standard Order
ORD1432,CUST257,Home & Kitchen,CASH ON DELIVERY,587.95,5,7,7,3.0,No,Tier 1,0,On-Time,No,558.55,Standard Order
ORD1433,CUST137,Home & Kitchen,DEBIT CARD,4997.97,15,2,2,3.0,No,Tier 1,0,On-Time,Yes,4248.27,Standard Order
ORD1434,CUST329,Electronics,DEBIT CARD,1099.06,30,4,4,2.0,No,Tier 1,0,On-Time,No,769.34,Standard Order
ORD1435,CUST208,Beauty,CREDIT CARD,3042.74,5,7,14,5.0,Yes,Tier 1,7,Severe Delay,No,2890.6,Standard Order
ORD1436,CUST150,Fashion,CASH ON DELIVERY,414.78,20,5,5,4.0,No,Tier 3,0,On-Time,No,331.82,Standard Order
ORD1437,CUST281,Fashion,UPI,1435.41,5,7,8,3.0,No,Tier 1,1,Unknown Status,No,1363.64,Standard Order
ORD1438,CUST107,Fashion,UPI,2191.99,5,4,5,4.0,No,Tier 1,1,Unknown Status,No,2082.39,Loyal & Satisfied
ORD1439,CUST126,Electronics,UPI,3733.94,0,2,3,4.0,No,Tier 1,1,Unknown Status,Yes,3733.94,Loyal & Satisfied
ORD1440,CUST126,Electronics,UPI,693.79,10,2,1,5.0,No,Tier 2,-1,Early,No,624.41,Standard Order
ORD1441,CUST325,Home & Kitchen,UPI,1749.1,15,7,8,5.0,No,Tier 1,1,Unknown Status,No,1486.74,Loyal & Satisfied
ORD1442,CUST120,Electronics,UPI,1128.74,30,4,3,4.0,No,Tier 3,-1,Early,No,790.12,Loyal & Satisfied
ORD1443,CUST129,Home & Kitchen,CASH ON DELIVERY,275.05,15,3,3,4.0,Yes,Tier 3,0,On-Time,No,233.79,Standard Order
ORD1444,CUST196,Electronics,DEBIT CARD,1605.42,30,5,6,4.0,No,Tier 1,1,Unknown Status,No,1123.79,Loyal & Satisfied
ORD1445,CUST127,Fashion,UPI,1605.79,20,5,5,4.0,No,Tier 2,0,On-Time,No,1284.63,Loyal & Satisfied
ORD1446,CUST210,Fashion,DEBIT CARD,3401.56,0,4,6,2.0,No,Tier 1,2,Unknown Status,No,3401.56,Standard Order
ORD1447,CUST291,Fashion,CASH ON DELIVERY,1025.34,10,3,2,2.0,No,Tier 2,-1,Early,No,922.81,Standard Order
ORD1448,CUST324,Home & Kitchen,UPI,514.03,0,2,4,4.0,Yes,Tier 1,2,Unknown Status,No,514.03,Standard Order
ORD1449,CUST296,Fashion,DEBIT CARD,254.7,15,6,6,3.0,No,Tier 1,0,On-Time,No,216.49,Standard Order
ORD1450,CUST160,Home & Kitchen,UPI,844.69,30,6,6,1.0,Yes,Tier 1,0,On-Time,No,591.28,High Risk Transaction
ORD1451,CUST147,Fashion,UPI,631.3,0,4,3,4.0,Yes,Tier 2,-1,Early,No,631.3,Standard Order
ORD1452,CUST246,Home & Kitchen,CREDIT CARD,1917.99,15,3,10,1.0,No,Tier 1,7,Severe Delay,No,1630.29,Standard Order
ORD1453,CUST103,Beauty,DEBIT CARD,724.84,15,3,2,4.0,No,Tier 1,-1,Early,No,616.11,Standard Order
ORD1454,CUST134,Home & Kitchen,DEBIT CARD,3772.79,10,5,5,4.0,No,Tier 2,0,On-Time,Yes,3395.51,Loyal & Satisfied
ORD1455,CUST291,Electronics,UPI,4134.04,5,2,2,4.0,No,Tier 2,0,On-Time,Yes,3927.34,Loyal & Satisfied
ORD1456,CUST148,Electronics,CASH ON DELIVERY,1363.97,5,7,8,4.0,No,Tier 3,1,Unknown Status,No,1295.77,Loyal & Satisfied
ORD1457,CUST116,Fashion,CREDIT CARD,3368.36,0,3,3,1.0,No,Tier 1,0,On-Time,No,3368.36,Standard Order
ORD1458,CUST271,Home & Kitchen,UPI,1916.82,5,7,6,4.0,Yes,Tier 2,-1,Early,No,1820.98,Standard Order
ORD1459,CUST319,Electronics,UPI,1149.86,0,6,6,5.0,No,Tier 2,0,On-Time,No,1149.86,Loyal & Satisfied
ORD1460,CUST257,Fashion,UPI,438.59,10,7,7,4.0,No,Tier 1,0,On-Time,No,394.73,Standard Order
ORD1461,CUST320,Home & Kitchen,CREDIT CARD,936.31,0,2,2,3.0,No,Tier 2,0,On-Time,No,936.31,Standard Order
ORD1462,CUST145,Fashion,CASH ON DELIVERY,1187.56,30,2,2,3.0,No,Tier 1,0,On-Time,No,831.29,Standard Order
ORD1463,CUST216,Books,UPI,2593.78,10,7,8,5.0,No,Tier 3,1,Unknown Status,No,2334.4,Loyal & Satisfied
ORD1464,CUST105,Electronics,DEBIT CARD,987.79,15,4,4,2.0,No,Tier 1,0,On-Time,No,839.62,Standard Order
ORD1465,CUST198,Electronics,CREDIT CARD,2935.52,10,3,3,4.0,No,Tier 2,0,On-Time,No,2641.97,Loyal & Satisfied
ORD1466,CUST223,Home & Kitchen,CASH ON DELIVERY,1546.31,10,4,4,3.0,No,Tier 1,0,On-Time,No,1391.68,Standard Order
ORD1467,CUST332,Fashion,DEBIT CARD,376.81,30,7,14,1.0,No,Tier 3,7,Severe Delay,No,263.77,Standard Order
ORD1468,CUST136,Home & Kitchen,UPI,6553.52,0,3,10,3.0,No,Tier 1,7,Severe Delay,Yes,6553.52,Standard Order
ORD1469,CUST123,Fashion,UPI,1098.98,5,5,7,3.0,No,Tier 3,2,Unknown Status,No,1044.03,Standard Order
ORD1470,CUST192,Electronics,DEBIT CARD,796.82,20,4,4,4.0,No,Tier 3,0,On-Time,No,637.46,Standard Order
ORD1471,CUST340,Books,CREDIT CARD,1491.45,0,4,3,5.0,No,Tier 1,-1,Early,No,1491.45,Loyal & Satisfied
ORD1472,CUST145,Books,UPI,338.35,0,7,7,3.0,No,Tier 3,0,On-Time,No,338.35,Standard Order
ORD1473,CUST280,Home & Kitchen,UPI,1414.5,5,6,6,5.0,No,Tier 3,0,On-Time,No,1343.78,Loyal & Satisfied
ORD1474,CUST194,Fashion,DEBIT CARD,1027.55,0,7,7,1.0,No,Tier 1,0,On-Time,No,1027.55,Standard Order
ORD1475,CUST198,Home & Kitchen,DEBIT CARD,826.41,10,4,5,4.0,No,Tier 1,1,Unknown Status,No,743.77,Standard Order
ORD1476,CUST287,Fashion,UPI,3869.64,5,3,5,1.0,No,Tier 2,2,Unknown Status,Yes,3676.16,Standard Order
ORD1477,CUST324,Electronics,CREDIT CARD,1087.13,30,6,8,5.0,No,Tier 1,2,Unknown Status,No,760.99,Standard Order
ORD1478,CUST215,Beauty,UPI,496.8,20,7,7,4.0,No,Tier 1,0,On-Time,No,397.44,Standard Order
ORD1479,CUST290,Electronics,CREDIT CARD,937.12,15,7,8,4.0,No,Tier 1,1,Unknown Status,No,796.55,Standard Order
ORD1480,CUST312,Beauty,CASH ON DELIVERY,3221.72,15,4,4,5.0,Yes,Tier 1,0,On-Time,No,2738.46,Standard Order
ORD1481,CUST259,Fashion,CASH ON DELIVERY,432.44,30,4,3,4.0,No,Tier 1,-1,Early,No,302.71,Standard Order
ORD1482,CUST314,Electronics,UPI,488.89,5,5,6,4.0,No,Tier 1,1,Unknown Status,No,464.45,Standard Order
ORD1483,CUST260,Fashion,UPI,215.74,30,7,6,4.0,No,Tier 3,-1,Early,No,151.02,Standard Order
ORD1484,CUST166,Beauty,UPI,217.15,20,4,4,5.0,No,Tier 2,0,On-Time,No,173.72,Standard Order
ORD1485,CUST227,Home & Kitchen,CASH ON DELIVERY,2322.06,15,2,2,4.0,No,Tier 1,0,On-Time,No,1973.75,Loyal & Satisfied
ORD1486,CUST117,Books,CREDIT CARD,1780.67,10,6,7,2.0,Yes,Tier 2,1,Unknown Status,No,1602.6,Standard Order
ORD1487,CUST124,Home & Kitchen,CREDIT CARD,726.28,5,2,3,4.0,No,Tier 2,1,Unknown Status,No,689.97,Standard Order
ORD1488,CUST333,Home & Kitchen,UPI,1638.03,10,6,6,2.0,No,Tier 3,0,On-Time,No,1474.23,Standard Order
ORD1489,CUST322,Books,UPI,803.44,20,7,9,4.0,No,Tier 1,2,Unknown Status,No,642.75,Standard Order
ORD1490,CUST153,Electronics,CREDIT CARD,3866.5,0,5,5,4.0,Yes,Tier 1,0,On-Time,Yes,3866.5,Standard Order
ORD1491,CUST157,Fashion,CASH ON DELIVERY,4295.41,20,4,4,4.0,No,Tier 3,0,On-Time,Yes,3436.33,Loyal & Satisfied
ORD1492,CUST166,Electronics,DEBIT CARD,798.66,5,4,5,1.0,No,Tier 3,1,Unknown Status,No,758.73,Standard Order
ORD1493,CUST203,Beauty,DEBIT CARD,2510.8,0,4,5,2.0,No,Tier 2,1,Unknown Status,No,2510.8,Standard Order
ORD1494,CUST273,Beauty,DEBIT CARD,1979.84,0,7,14,4.0,No,Tier 2,7,Severe Delay,No,1979.84,Loyal & Satisfied
ORD1495,CUST123,Electronics,UPI,645.28,0,6,6,4.0,No,Tier 1,0,On-Time,No,645.28,Standard Order
ORD1496,CUST213,Home & Kitchen,UPI,516.82,10,4,5,3.0,No,Tier 2,1,Unknown Status,No,465.14,Standard Order
ORD1497,CUST131,Beauty,CASH ON DELIVERY,935.51,5,2,3,3.0,No,Tier 1,1,Unknown Status,No,888.73,Standard Order
ORD1498,CUST274,Electronics,UPI,2024.33,50,4,8,4.0,No,Tier 1,4,Severe Delay,No,1012.16,Loyal & Satisfied
ORD1499,CUST185,Home & Kitchen,CASH ON DELIVERY,4067.7,10,7,7,4.0,Yes,Tier 3,0,On-Time,Yes,3660.93,Standard Order
ORD1500,CUST250,Beauty,CASH ON DELIVERY,1930.57,0,5,6,3.0,No,Tier 1,1,Unknown Status,No,1930.57,Standard Order
ORD1501,CUST293,Electronics,UPI,2518.94,15,2,2,3.0,No,Tier 2,0,On-Time,No,2141.1,Standard Order
ORD1502,CUST226,Home & Kitchen,DEBIT CARD,1308.78,30,4,4,3.0,No,Tier 3,0,On-Time,No,916.15,Standard Order
ORD1503,CUST254,Fashion,UPI,2365.14,15,4,4,4.0,No,Tier 1,0,On-Time,No,2010.37,Loyal & Satisfied
ORD1504,CUST333,Beauty,UPI,2041.31,0,3,3,2.0,Yes,Tier 3,0,On-Time,No,2041.31,Standard Order
ORD1505,CUST229,Beauty,UPI,767.82,30,6,6,3.0,Yes,Tier 3,0,On-Time,No,537.47,High Risk Transaction
ORD1506,CUST317,Beauty,UPI,1163.53,20,2,4,1.0,No,Tier 2,2,Unknown Status,No,930.82,Standard Order
ORD1507,CUST116,Fashion,UPI,2160.19,0,3,3,3.0,No,Tier 1,0,On-Time,No,2160.19,Standard Order
ORD1508,CUST203,Beauty,CASH ON DELIVERY,256.58,0,5,6,4.0,No,Tier 1,1,Unknown Status,No,256.58,Standard Order
ORD1509,CUST260,Books,CASH ON DELIVERY,2180.81,10,6,6,3.0,No,Tier 1,0,On-Time,No,1962.73,Standard Order
ORD1510,CUST236,Fashion,CREDIT CARD,435.05,0,2,1,2.0,No,Tier 1,-1,Early,No,435.05,Standard Order
ORD1511,CUST142,Books,UPI,1067.55,20,4,4,4.0,Yes,Tier 1,0,On-Time,No,854.04,Standard Order
ORD1512,CUST345,Electronics,CASH ON DELIVERY,2182.03,5,2,2,1.0,Yes,Tier 3,0,On-Time,No,2072.93,Standard Order
ORD1513,CUST275,Home & Kitchen,CREDIT CARD,551.35,30,4,4,2.0,No,Tier 1,0,On-Time,No,385.94,Standard Order
ORD1514,CUST138,Electronics,CASH ON DELIVERY,538.53,10,6,6,5.0,No,Tier 2,0,On-Time,No,484.68,Standard Order
ORD1515,CUST320,Electronics,UPI,818.53,0,4,4,4.0,No,Tier 1,0,On-Time,No,818.53,Standard Order
ORD1516,CUST269,Electronics,DEBIT CARD,2900.48,0,5,5,5.0,No,Tier 2,0,On-Time,No,2900.48,Loyal & Satisfied
ORD1517,CUST346,Home & Kitchen,UPI,200.53,10,7,7,5.0,No,Tier 3,0,On-Time,No,180.48,Standard Order
ORD1518,CUST125,Fashion,UPI,2979.82,20,4,4,4.0,No,Tier 1,0,On-Time,No,2383.86,Loyal & Satisfied
ORD1519,CUST198,Home & Kitchen,CASH ON DELIVERY,400.41,20,5,4,1.0,No,Tier 1,-1,Early,No,320.33,Standard Order
ORD1520,CUST149,Electronics,CASH ON DELIVERY,5736.61,5,7,11,4.0,No,Tier 2,4,Severe Delay,Yes,5449.78,Loyal & Satisfied
ORD1521,CUST252,Fashion,UPI,3917.24,5,6,8,5.0,Yes,Tier 2,2,Unknown Status,Yes,3721.38,Standard Order
ORD1522,CUST251,Fashion,UPI,1019.06,0,6,7,4.0,Yes,Tier 2,1,Unknown Status,No,1019.06,Standard Order
ORD1523,CUST112,Books,DEBIT CARD,1062.7,15,2,1,4.0,No,Tier 1,-1,Early,No,903.3,Standard Order
ORD1524,CUST159,Fashion,CASH ON DELIVERY,988.29,0,5,6,3.0,No,Tier 1,1,Unknown Status,No,988.29,Standard Order
ORD1525,CUST349,Home & Kitchen,CASH ON DELIVERY,1410.89,10,5,7,5.0,No,Tier 3,2,Unknown Status,No,1269.8,Loyal & Satisfied
ORD1526,CUST234,Beauty,DEBIT CARD,314.12,15,3,4,4.0,No,Tier 3,1,Unknown Status,No,267.0,Standard Order
ORD1527,CUST156,Home & Kitchen,CREDIT CARD,239.79,30,3,2,4.0,No,Tier 2,-1,Early,No,167.85,Standard Order
ORD1528,CUST135,Electronics,DEBIT CARD,271.32,5,7,8,2.0,Yes,Tier 3,1,Unknown Status,No,257.75,Standard Order
ORD1529,CUST272,Electronics,UPI,905.17,5,7,9,3.0,No,Tier 2,2,Unknown Status,No,859.91,Standard Order
ORD1530,CUST119,Beauty,CASH ON DELIVERY,586.81,15,3,3,3.0,No,Tier 1,0,On-Time,No,498.79,Standard Order
ORD1531,CUST164,Electronics,UPI,1367.56,15,7,8,4.0,No,Tier 1,1,Unknown Status,No,1162.43,Loyal & Satisfied
ORD1532,CUST107,Beauty,UPI,6062.22,5,4,4,2.0,No,Tier 1,0,On-Time,Yes,5759.11,Standard Order
ORD1533,CUST337,Fashion,CASH ON DELIVERY,785.94,30,3,3,1.0,No,Tier 2,0,On-Time,No,550.16,Standard Order
ORD1534,CUST243,Beauty,DEBIT CARD,1223.53,20,5,4,4.0,No,Tier 1,-1,Early,No,978.82,Loyal & Satisfied
ORD1535,CUST241,Books,UPI,844.61,5,4,5,1.0,No,Tier 1,1,Unknown Status,No,802.38,Standard Order
ORD1536,CUST303,Beauty,CASH ON DELIVERY,2454.91,5,7,6,5.0,No,Tier 2,-1,Early,No,2332.16,Loyal & Satisfied
ORD1537,CUST214,Fashion,CREDIT CARD,2990.24,10,6,6,3.0,No,Tier 2,0,On-Time,No,2691.22,Standard Order
ORD1538,CUST314,Books,CREDIT CARD,2718.16,20,2,2,5.0,No,Tier 2,0,On-Time,No,2174.53,Loyal & Satisfied
ORD1539,CUST242,Fashion,UPI,4596.89,0,3,3,4.0,Yes,Tier 3,0,On-Time,Yes,4596.89,Standard Order
ORD1540,CUST191,Fashion,CASH ON DELIVERY,233.49,15,6,5,5.0,Yes,Tier 1,-1,Early,No,198.47,Standard Order
ORD1541,CUST197,Home & Kitchen,CREDIT CARD,2397.72,15,7,8,5.0,No,Tier 2,1,Unknown Status,No,2038.06,Loyal & Satisfied
ORD1542,CUST165,Beauty,DEBIT CARD,1872.09,5,5,6,1.0,No,Tier 2,1,Unknown Status,No,1778.49,Standard Order
ORD1543,CUST131,Beauty,CASH ON DELIVERY,511.6,15,2,2,1.0,No,Tier 2,0,On-Time,No,434.86,Standard Order
ORD1544,CUST314,Books,DEBIT CARD,3957.04,30,6,5,3.0,No,Tier 1,-1,Early,Yes,2769.93,Standard Order
ORD1545,CUST290,Fashion,DEBIT CARD,392.45,0,2,1,4.0,No,Tier 1,-1,Early,No,392.45,Standard Order
ORD1546,CUST185,Fashion,CREDIT CARD,1565.63,5,3,5,5.0,No,Tier 3,2,Unknown Status,No,1487.35,Loyal & Satisfied
ORD1547,CUST150,Home & Kitchen,CASH ON DELIVERY,505.7,10,7,7,4.0,No,Tier 2,0,On-Time,No,455.13,Standard Order
ORD1548,CUST252,Electronics,UPI,877.45,30,5,5,4.0,No,Tier 3,0,On-Time,No,614.22,Standard Order
ORD1549,CUST285,Electronics,CREDIT CARD,1723.96,50,7,6,2.0,No,Tier 2,-1,Early,No,861.98,Standard Order
ORD1550,CUST162,Fashion,CREDIT CARD,1194.28,10,2,3,5.0,Yes,Tier 2,1,Unknown Status,No,1074.85,Standard Order
ORD1551,CUST289,Fashion,CASH ON DELIVERY,1095.24,20,6,8,4.0,No,Tier 3,2,Unknown Status,No,876.19,Standard Order
ORD1552,CUST224,Fashion,CASH ON DELIVERY,674.03,10,3,5,3.0,No,Tier 2,2,Unknown Status,No,606.63,Standard Order
ORD1553,CUST249,Electronics,DEBIT CARD,2396.55,10,3,4,4.0,Yes,Tier 1,1,Unknown Status,No,2156.9,Standard Order
ORD1554,CUST157,Electronics,CASH ON DELIVERY,386.32,5,7,6,2.0,Yes,Tier 2,-1,Early,No,367.0,Standard Order
ORD1555,CUST157,Electronics,DEBIT CARD,874.76,5,6,5,4.0,No,Tier 3,-1,Early,No,831.02,Standard Order
ORD1556,CUST185,Beauty,CREDIT CARD,3009.06,5,6,5,4.0,No,Tier 1,-1,Early,No,2858.61,Loyal & Satisfied
ORD1557,CUST148,Fashion,UPI,2443.79,10,2,2,2.0,No,Tier 1,0,On-Time,No,2199.41,Standard Order
ORD1558,CUST279,Fashion,UPI,814.88,0,7,6,3.0,No,Tier 1,-1,Early,No,814.88,Standard Order
ORD1559,CUST269,Home & Kitchen,CREDIT CARD,1928.18,30,7,7,3.0,No,Tier 3,0,On-Time,No,1349.73,Standard Order
ORD1560,CUST169,Electronics,CASH ON DELIVERY,2279.02,0,4,4,4.0,No,Tier 1,0,On-Time,No,2279.02,Loyal & Satisfied
ORD1561,CUST114,Beauty,UPI,1095.24,5,7,11,4.0,No,Tier 2,4,Severe Delay,No,1040.48,Standard Order
ORD1562,CUST153,Books,UPI,1143.65,10,3,4,1.0,No,Tier 1,1,Unknown Status,No,1029.29,Standard Order
ORD1563,CUST334,Electronics,UPI,474.48,15,2,4,4.0,No,Tier 1,2,Unknown Status,No,403.31,Standard Order
ORD1564,CUST287,Fashion,DEBIT CARD,553.74,0,6,7,4.0,No,Tier 2,1,Unknown Status,No,553.74,Standard Order
ORD1565,CUST200,Beauty,UPI,620.65,5,7,6,3.0,No,Tier 1,-1,Early,No,589.62,Standard Order
ORD1566,CUST324,Beauty,DEBIT CARD,1281.1,50,2,3,1.0,No,Tier 2,1,Unknown Status,No,640.55,Standard Order
ORD1567,CUST107,Fashion,CREDIT CARD,240.03,5,7,7,4.0,No,Tier 2,0,On-Time,No,228.03,Standard Order
ORD1568,CUST152,Home & Kitchen,UPI,1412.86,5,6,7,4.0,No,Tier 3,1,Unknown Status,No,1342.22,Loyal & Satisfied
ORD1569,CUST159,Electronics,CREDIT CARD,743.74,20,5,5,3.0,No,Tier 1,0,On-Time,No,594.99,Standard Order
ORD1570,CUST335,Beauty,DEBIT CARD,619.88,0,6,13,3.0,No,Tier 3,7,Severe Delay,No,619.88,Standard Order
ORD1571,CUST207,Electronics,UPI,2739.29,10,6,6,2.0,Yes,Tier 2,0,On-Time,No,2465.36,Standard Order
ORD1572,CUST104,Beauty,DEBIT CARD,939.43,5,6,6,4.0,No,Tier 3,0,On-Time,No,892.46,Standard Order
ORD1573,CUST202,Home & Kitchen,UPI,319.85,5,7,11,2.0,No,Tier 2,4,Severe Delay,No,303.86,Standard Order
ORD1574,CUST295,Home & Kitchen,DEBIT CARD,2303.6,5,4,3,3.0,No,Tier 2,-1,Early,No,2188.42,Standard Order
ORD1575,CUST105,Fashion,UPI,258.58,0,6,7,4.0,No,Tier 3,1,Unknown Status,No,258.58,Standard Order
ORD1576,CUST208,Electronics,DEBIT CARD,1756.84,5,3,4,4.0,Yes,Tier 3,1,Unknown Status,No,1669.0,Standard Order
ORD1577,CUST323,Electronics,UPI,1984.17,0,3,5,3.0,No,Tier 1,2,Unknown Status,No,1984.17,Standard Order
ORD1578,CUST215,Electronics,DEBIT CARD,721.75,20,2,9,3.0,Yes,Tier 1,7,Severe Delay,No,577.4,Standard Order
ORD1579,CUST193,Electronics,UPI,2290.11,5,4,11,4.0,No,Tier 1,7,Severe Delay,No,2175.6,Loyal & Satisfied
ORD1580,CUST146,Books,UPI,1069.96,10,2,1,1.0,No,Tier 1,-1,Early,No,962.96,Standard Order
ORD1581,CUST198,Fashion,UPI,946.77,30,3,5,1.0,Yes,Tier 1,2,Unknown Status,No,662.74,High Risk Transaction
ORD1582,CUST154,Electronics,CASH ON DELIVERY,255.76,15,3,4,5.0,No,Tier 1,1,Unknown Status,No,217.4,Standard Order
ORD1583,CUST267,Beauty,CREDIT CARD,611.04,0,5,6,1.0,Yes,Tier 3,1,Unknown Status,No,611.04,Standard Order
ORD1584,CUST151,Beauty,UPI,3408.55,30,6,5,4.0,Yes,Tier 1,-1,Early,No,2385.98,High Risk Transaction
ORD1585,CUST243,Beauty,UPI,796.75,5,3,4,5.0,No,Tier 2,1,Unknown Status,No,756.91,Standard Order
ORD1586,CUST112,Beauty,UPI,1149.44,0,7,14,3.0,No,Tier 1,7,Severe Delay,No,1149.44,Standard Order
ORD1587,CUST213,Electronics,CASH ON DELIVERY,1111.2,20,7,11,3.0,No,Tier 1,4,Severe Delay,No,888.96,Standard Order
ORD1588,CUST223,Fashion,UPI,1271.18,10,2,2,4.0,No,Tier 1,0,On-Time,No,1144.06,Loyal & Satisfied
ORD1589,CUST205,Books,CASH ON DELIVERY,275.95,10,2,1,5.0,No,Tier 1,-1,Early,No,248.36,Standard Order
ORD1590,CUST257,Home & Kitchen,UPI,739.63,5,6,6,5.0,No,Tier 2,0,On-Time,No,702.65,Standard Order
ORD1591,CUST246,Electronics,DEBIT CARD,1741.04,10,6,8,4.0,Yes,Tier 3,2,Unknown Status,No,1566.94,Standard Order
ORD1592,CUST244,Books,CREDIT CARD,468.61,5,5,6,2.0,Yes,Tier 1,1,Unknown Status,No,445.18,Standard Order
ORD1593,CUST219,Electronics,CREDIT CARD,473.15,30,4,4,4.0,No,Tier 2,0,On-Time,No,331.2,Standard Order
ORD1594,CUST162,Electronics,CASH ON DELIVERY,212.17,5,2,1,3.0,No,Tier 2,-1,Early,No,201.56,Standard Order
ORD1595,CUST118,Fashion,CREDIT CARD,890.4,30,6,6,4.0,No,Tier 3,0,On-Time,No,623.28,Standard Order
ORD1596,CUST191,Home & Kitchen,CASH ON DELIVERY,2771.98,10,2,2,1.0,No,Tier 2,0,On-Time,No,2494.78,Standard Order
ORD1597,CUST157,Home & Kitchen,CASH ON DELIVERY,263.96,20,6,10,2.0,No,Tier 2,4,Severe Delay,No,211.17,Standard Order
ORD1598,CUST282,Electronics,CASH ON DELIVERY,454.52,15,3,4,4.0,Yes,Tier 2,1,Unknown Status,No,386.34,Standard Order
ORD1599,CUST189,Beauty,CREDIT CARD,645.42,15,2,2,4.0,No,Tier 3,0,On-Time,No,548.61,Standard Order
ORD1600,CUST328,Fashion,CASH ON DELIVERY,1778.89,5,3,3,3.0,No,Tier 1,0,On-Time,No,1689.95,Standard Order
ORD1601,CUST317,Electronics,CREDIT CARD,1428.1,5,2,1,3.0,No,Tier 1,-1,Early,No,1356.7,Standard Order
ORD1602,CUST216,Beauty,CASH ON DELIVERY,845.31,5,4,11,5.0,No,Tier 3,7,Severe Delay,No,803.04,Standard Order
ORD1603,CUST161,Beauty,UPI,1907.89,30,5,5,4.0,Yes,Tier 2,0,On-Time,No,1335.52,High Risk Transaction
ORD1604,CUST122,Beauty,CASH ON DELIVERY,1328.8,20,7,7,3.0,No,Tier 2,0,On-Time,No,1063.04,Standard Order
ORD1605,CUST226,Books,UPI,2916.51,10,7,7,2.0,No,Tier 2,0,On-Time,No,2624.86,Standard Order
ORD1606,CUST236,Home & Kitchen,CASH ON DELIVERY,2244.67,0,7,8,3.0,Yes,Tier 1,1,Unknown Status,No,2244.67,Standard Order
ORD1607,CUST239,Home & Kitchen,DEBIT CARD,549.73,5,3,4,5.0,No,Tier 2,1,Unknown Status,No,522.24,Standard Order
ORD1608,CUST344,Electronics,CASH ON DELIVERY,580.02,15,6,7,4.0,No,Tier 2,1,Unknown Status,No,493.02,Standard Order
ORD1609,CUST228,Fashion,UPI,360.73,10,7,7,4.0,No,Tier 1,0,On-Time,No,324.66,Standard Order
ORD1610,CUST157,Fashion,UPI,693.11,20,4,4,4.0,Yes,Tier 2,0,On-Time,No,554.49,Standard Order
ORD1611,CUST221,Fashion,CREDIT CARD,9431.41,50,7,6,3.0,No,Tier 3,-1,Early,Yes,4715.7,Standard Order
ORD1612,CUST100,Home & Kitchen,UPI,824.55,0,2,3,5.0,No,Tier 1,1,Unknown Status,No,824.55,Standard Order
ORD1613,CUST338,Fashion,CASH ON DELIVERY,498.91,10,3,2,4.0,No,Tier 2,-1,Early,No,449.02,Standard Order
ORD1614,CUST133,Electronics,CREDIT CARD,1925.02,10,2,2,2.0,No,Tier 1,0,On-Time,No,1732.52,Standard Order
ORD1615,CUST195,Electronics,UPI,1138.3,5,2,4,2.0,No,Tier 2,2,Unknown Status,No,1081.38,Standard Order
ORD1616,CUST225,Home & Kitchen,CASH ON DELIVERY,394.46,0,2,4,4.0,No,Tier 1,2,Unknown Status,No,394.46,Standard Order
ORD1617,CUST217,Electronics,DEBIT CARD,774.98,0,5,5,5.0,No,Tier 2,0,On-Time,No,774.98,Standard Order
ORD1618,CUST147,Beauty,CASH ON DELIVERY,842.28,30,5,5,3.0,No,Tier 3,0,On-Time,No,589.6,Standard Order
ORD1619,CUST188,Fashion,UPI,1882.08,10,6,5,5.0,No,Tier 1,-1,Early,No,1693.87,Loyal & Satisfied
ORD1620,CUST331,Fashion,UPI,225.07,10,3,4,4.0,Yes,Tier 3,1,Unknown Status,No,202.56,Standard Order
ORD1621,CUST336,Home & Kitchen,DEBIT CARD,576.04,30,4,6,3.0,No,Tier 3,2,Unknown Status,No,403.23,Standard Order
ORD1622,CUST216,Books,CREDIT CARD,1074.77,20,4,4,1.0,No,Tier 1,0,On-Time,No,859.82,Standard Order
ORD1623,CUST228,Fashion,UPI,575.76,0,4,4,2.0,No,Tier 1,0,On-Time,No,575.76,Standard Order
ORD1624,CUST115,Home & Kitchen,CASH ON DELIVERY,1388.03,10,2,4,4.0,No,Tier 3,2,Unknown Status,No,1249.23,Loyal & Satisfied
ORD1625,CUST288,Home & Kitchen,UPI,989.03,10,5,7,2.0,No,Tier 3,2,Unknown Status,No,890.13,Standard Order
ORD1626,CUST330,Fashion,CREDIT CARD,738.76,20,3,3,3.0,No,Tier 1,0,On-Time,No,591.01,Standard Order
ORD1627,CUST291,Beauty,DEBIT CARD,3776.03,15,2,2,4.0,No,Tier 1,0,On-Time,Yes,3209.63,Loyal & Satisfied
ORD1628,CUST290,Books,UPI,1400.13,15,5,5,4.0,No,Tier 1,0,On-Time,No,1190.11,Loyal & Satisfied
ORD1629,CUST168,Home & Kitchen,DEBIT CARD,367.03,5,5,4,2.0,No,Tier 3,-1,Early,No,348.68,Standard Order
ORD1630,CUST121,Beauty,CASH ON DELIVERY,1185.43,20,7,11,3.0,No,Tier 1,4,Severe Delay,No,948.34,Standard Order
ORD1631,CUST192,Beauty,UPI,2020.95,0,7,9,4.0,Yes,Tier 2,2,Unknown Status,No,2020.95,Standard Order
ORD1632,CUST346,Home & Kitchen,UPI,1679.22,0,3,4,4.0,No,Tier 3,1,Unknown Status,No,1679.22,Loyal & Satisfied
ORD1633,CUST294,Books,UPI,426.62,5,3,2,5.0,No,Tier 1,-1,Early,No,405.29,Standard Order
ORD1634,CUST175,Home & Kitchen,CASH ON DELIVERY,4508.8,0,3,5,2.0,No,Tier 2,2,Unknown Status,Yes,4508.8,Standard Order
ORD1635,CUST253,Home & Kitchen,CREDIT CARD,914.82,5,2,2,5.0,No,Tier 1,0,On-Time,No,869.08,Standard Order
ORD1636,CUST243,Home & Kitchen,UPI,407.83,20,6,6,4.0,No,Tier 3,0,On-Time,No,326.26,Standard Order
ORD1637,CUST278,Books,UPI,438.43,30,3,3,4.0,No,Tier 1,0,On-Time,No,306.9,Standard Order
ORD1638,CUST328,Electronics,UPI,324.08,5,7,6,4.0,No,Tier 2,-1,Early,No,307.88,Standard Order
ORD1639,CUST185,Beauty,UPI,2152.62,5,6,7,3.0,No,Tier 2,1,Unknown Status,No,2044.99,Standard Order
ORD1640,CUST284,Beauty,UPI,356.17,5,2,2,2.0,No,Tier 1,0,On-Time,No,338.36,Standard Order
ORD1641,CUST128,Electronics,DEBIT CARD,360.41,5,6,6,4.0,No,Tier 1,0,On-Time,No,342.39,Standard Order
ORD1642,CUST305,Books,UPI,2480.32,0,4,4,4.0,No,Tier 1,0,On-Time,No,2480.32,Loyal & Satisfied
ORD1643,CUST319,Electronics,UPI,707.02,30,6,6,4.0,No,Tier 1,0,On-Time,No,494.91,Standard Order
ORD1644,CUST168,Fashion,CREDIT CARD,237.61,5,3,2,3.0,Yes,Tier 3,-1,Early,No,225.73,Standard Order
ORD1645,CUST146,Home & Kitchen,DEBIT CARD,263.95,10,2,2,5.0,No,Tier 3,0,On-Time,No,237.56,Standard Order
ORD1646,CUST340,Electronics,DEBIT CARD,384.02,0,3,5,4.0,No,Tier 2,2,Unknown Status,No,384.02,Standard Order
ORD1647,CUST193,Books,CREDIT CARD,488.03,30,7,6,2.0,Yes,Tier 2,-1,Early,No,341.62,High Risk Transaction
ORD1648,CUST337,Books,UPI,1512.87,15,4,3,3.0,Yes,Tier 2,-1,Early,No,1285.94,Standard Order
ORD1649,CUST289,Fashion,CASH ON DELIVERY,405.41,30,7,7,4.0,No,Tier 3,0,On-Time,No,283.79,Standard Order
ORD1650,CUST343,Electronics,CREDIT CARD,351.87,20,3,5,4.0,No,Tier 1,2,Unknown Status,No,281.5,Standard Order
ORD1651,CUST296,Fashion,UPI,1936.37,5,3,3,4.0,No,Tier 1,0,On-Time,No,1839.55,Loyal & Satisfied
ORD1652,CUST303,Home & Kitchen,CREDIT CARD,1534.24,5,3,3,5.0,No,Tier 1,0,On-Time,No,1457.53,Loyal & Satisfied
ORD1653,CUST243,Beauty,CREDIT CARD,885.8,15,5,5,3.0,Yes,Tier 2,0,On-Time,No,752.93,Standard Order
ORD1654,CUST317,Home & Kitchen,UPI,1156.37,5,4,4,3.0,No,Tier 1,0,On-Time,No,1098.55,Standard Order
ORD1655,CUST317,Fashion,UPI,648.73,10,3,2,5.0,No,Tier 1,-1,Early,No,583.86,Standard Order
ORD1656,CUST275,Home & Kitchen,CASH ON DELIVERY,990.5,0,3,4,5.0,No,Tier 1,1,Unknown Status,No,990.5,Standard Order
ORD1657,CUST184,Fashion,UPI,1047.9,0,7,8,4.0,No,Tier 2,1,Unknown Status,No,1047.9,Standard Order
ORD1658,CUST138,Books,CREDIT CARD,787.73,10,7,7,5.0,No,Tier 1,0,On-Time,No,708.96,Standard Order
ORD1659,CUST199,Electronics,CREDIT CARD,3044.68,10,3,4,2.0,Yes,Tier 1,1,Unknown Status,No,2740.21,Standard Order
ORD1660,CUST132,Books,CREDIT CARD,219.43,20,2,3,5.0,Yes,Tier 1,1,Unknown Status,No,175.54,Standard Order
ORD1661,CUST321,Fashion,UPI,2028.86,0,5,5,3.0,Yes,Tier 1,0,On-Time,No,2028.86,Standard Order
ORD1662,CUST200,Beauty,UPI,359.39,10,7,7,2.0,No,Tier 2,0,On-Time,No,323.45,Standard Order
ORD1663,CUST122,Fashion,UPI,2116.7,0,2,1,3.0,No,Tier 1,-1,Early,No,2116.7,Standard Order
ORD1664,CUST349,Home & Kitchen,CASH ON DELIVERY,1095.24,0,5,4,3.0,No,Tier 1,-1,Early,No,1095.24,Standard Order
ORD1665,CUST109,Beauty,UPI,2423.94,10,3,4,3.0,No,Tier 2,1,Unknown Status,No,2181.55,Standard Order
ORD1666,CUST345,Electronics,DEBIT CARD,323.12,0,4,6,3.0,No,Tier 1,2,Unknown Status,No,323.12,Standard Order
ORD1667,CUST168,Beauty,CREDIT CARD,1182.4,5,6,13,2.0,No,Tier 1,7,Severe Delay,No,1123.28,Standard Order
ORD1668,CUST199,Home & Kitchen,CREDIT CARD,1034.39,5,6,7,3.0,No,Tier 3,1,Unknown Status,No,982.67,Standard Order
ORD1669,CUST133,Electronics,CREDIT CARD,1669.8,5,3,3,4.0,Yes,Tier 1,0,On-Time,No,1586.31,Standard Order
ORD1670,CUST279,Fashion,UPI,1117.03,0,7,6,3.0,No,Tier 1,-1,Early,No,1117.03,Standard Order
ORD1671,CUST322,Home & Kitchen,UPI,1133.75,0,2,4,3.0,No,Tier 1,2,Unknown Status,No,1133.75,Standard Order
ORD1672,CUST237,Electronics,CREDIT CARD,873.69,0,4,4,4.0,No,Tier 2,0,On-Time,No,873.69,Standard Order
ORD1673,CUST349,Home & Kitchen,UPI,643.25,0,5,6,5.0,No,Tier 2,1,Unknown Status,No,643.25,Standard Order
ORD1674,CUST246,Fashion,UPI,989.95,15,3,4,4.0,No,Tier 2,1,Unknown Status,No,841.46,Standard Order
ORD1675,CUST285,Home & Kitchen,UPI,351.35,5,4,5,3.0,No,Tier 2,1,Unknown Status,No,333.78,Standard Order
ORD1676,CUST195,Electronics,UPI,4108.93,5,4,6,4.0,No,Tier 1,2,Unknown Status,Yes,3903.48,Loyal & Satisfied
ORD1677,CUST100,Beauty,CREDIT CARD,1703.84,5,7,6,2.0,No,Tier 1,-1,Early,No,1618.65,Standard Order
ORD1678,CUST347,Beauty,UPI,3855.6,15,5,6,2.0,No,Tier 3,1,Unknown Status,Yes,3277.26,Standard Order
ORD1679,CUST168,Beauty,UPI,508.55,30,4,6,3.0,No,Tier 3,2,Unknown Status,No,355.98,Standard Order
ORD1680,CUST336,Home & Kitchen,UPI,2737.74,20,7,7,5.0,No,Tier 1,0,On-Time,No,2190.19,Loyal & Satisfied
ORD1681,CUST103,Electronics,DEBIT CARD,2185.26,15,2,3,3.0,No,Tier 2,1,Unknown Status,No,1857.47,Standard Order
ORD1682,CUST115,Books,UPI,1556.69,10,7,7,1.0,No,Tier 1,0,On-Time,No,1401.02,Standard Order
ORD1683,CUST123,Electronics,CASH ON DELIVERY,1377.09,15,2,9,2.0,No,Tier 1,7,Severe Delay,No,1170.53,Standard Order
ORD1684,CUST179,Electronics,CASH ON DELIVERY,656.72,10,2,1,5.0,No,Tier 1,-1,Early,No,591.05,Standard Order
ORD1685,CUST346,Fashion,DEBIT CARD,2234.07,5,4,4,4.0,No,Tier 1,0,On-Time,No,2122.37,Loyal & Satisfied
ORD1686,CUST101,Fashion,UPI,1035.42,5,7,7,3.0,No,Tier 2,0,On-Time,No,983.65,Standard Order
ORD1687,CUST340,Books,DEBIT CARD,288.24,5,2,3,4.0,Yes,Tier 2,1,Unknown Status,No,273.83,Standard Order
ORD1688,CUST319,Home & Kitchen,DEBIT CARD,650.27,30,5,5,4.0,Yes,Tier 1,0,On-Time,No,455.19,High Risk Transaction
ORD1689,CUST227,Fashion,CREDIT CARD,3485.54,10,4,4,4.0,No,Tier 1,0,On-Time,No,3136.99,Loyal & Satisfied
ORD1690,CUST259,Fashion,UPI,2482.0,15,7,7,3.0,No,Tier 3,0,On-Time,No,2109.7,Standard Order
ORD1691,CUST318,Beauty,CASH ON DELIVERY,5014.59,5,7,11,5.0,No,Tier 1,4,Severe Delay,Yes,4763.86,Loyal & Satisfied
ORD1692,CUST183,Fashion,UPI,1386.61,10,6,6,3.0,No,Tier 2,0,On-Time,No,1247.95,Standard Order
ORD1693,CUST251,Fashion,CASH ON DELIVERY,541.24,0,7,6,4.0,Yes,Tier 1,-1,Early,No,541.24,Standard Order
ORD1694,CUST239,Electronics,CASH ON DELIVERY,413.25,0,4,5,1.0,No,Tier 2,1,Unknown Status,No,413.25,Standard Order
ORD1695,CUST277,Books,UPI,448.3,20,5,5,3.0,No,Tier 1,0,On-Time,No,358.64,Standard Order
ORD1696,CUST262,Home & Kitchen,CASH ON DELIVERY,223.99,10,7,11,3.0,No,Tier 1,4,Severe Delay,No,201.59,Standard Order
ORD1697,CUST223,Electronics,CASH ON DELIVERY,794.5,5,6,5,4.0,No,Tier 1,-1,Early,No,754.78,Standard Order
ORD1698,CUST132,Electronics,DEBIT CARD,454.98,20,4,5,1.0,No,Tier 1,1,Unknown Status,No,363.98,Standard Order
ORD1699,CUST260,Home & Kitchen,UPI,836.53,5,2,2,4.0,Yes,Tier 1,0,On-Time,No,794.7,Standard Order
ORD1700,CUST288,Home & Kitchen,CREDIT CARD,3479.94,50,3,3,3.0,No,Tier 2,0,On-Time,No,1739.97,Standard Order
ORD1701,CUST278,Fashion,UPI,875.68,5,3,4,4.0,No,Tier 1,1,Unknown Status,No,831.9,Standard Order
ORD1702,CUST270,Beauty,CASH ON DELIVERY,2724.33,5,2,2,5.0,No,Tier 1,0,On-Time,No,2588.11,Loyal & Satisfied
ORD1703,CUST200,Electronics,UPI,1316.18,5,7,8,4.0,No,Tier 2,1,Unknown Status,No,1250.37,Loyal & Satisfied
ORD1704,CUST111,Fashion,CREDIT CARD,540.64,0,3,3,4.0,No,Tier 2,0,On-Time,No,540.64,Standard Order
ORD1705,CUST166,Beauty,UPI,727.8,0,3,3,4.0,No,Tier 3,0,On-Time,No,727.8,Standard Order
ORD1706,CUST164,Fashion,CREDIT CARD,305.18,15,2,2,3.0,No,Tier 2,0,On-Time,No,259.4,Standard Order
ORD1707,CUST260,Home & Kitchen,DEBIT CARD,686.79,30,7,14,5.0,No,Tier 2,7,Severe Delay,No,480.75,Standard Order
ORD1708,CUST267,Fashion,CASH ON DELIVERY,1558.13,20,7,7,3.0,No,Tier 2,0,On-Time,No,1246.5,Standard Order
ORD1709,CUST173,Fashion,CREDIT CARD,289.81,0,2,2,4.0,No,Tier 3,0,On-Time,No,289.81,Standard Order
ORD1710,CUST142,Beauty,UPI,475.9,10,7,7,4.0,No,Tier 3,0,On-Time,No,428.31,Standard Order
ORD1711,CUST143,Fashion,CASH ON DELIVERY,776.44,0,7,7,3.0,No,Tier 1,0,On-Time,No,776.44,Standard Order
ORD1712,CUST128,Beauty,DEBIT CARD,5024.17,0,4,4,3.0,No,Tier 1,0,On-Time,Yes,5024.17,Standard Order
ORD1713,CUST240,Electronics,CASH ON DELIVERY,2043.77,15,4,8,4.0,Yes,Tier 1,4,Severe Delay,No,1737.2,Standard Order
ORD1714,CUST111,Electronics,CREDIT CARD,1786.8,10,2,2,5.0,Yes,Tier 2,0,On-Time,No,1608.12,Standard Order
ORD1715,CUST194,Electronics,DEBIT CARD,348.22,0,5,7,5.0,No,Tier 2,2,Unknown Status,No,348.22,Standard Order
ORD1716,CUST145,Home & Kitchen,UPI,2022.4,0,3,2,4.0,No,Tier 2,-1,Early,No,2022.4,Loyal & Satisfied
ORD1717,CUST229,Fashion,DEBIT CARD,2046.04,50,4,5,4.0,No,Tier 1,1,Unknown Status,No,1023.02,Loyal & Satisfied
ORD1718,CUST342,Beauty,DEBIT CARD,1302.86,0,3,7,5.0,No,Tier 2,4,Severe Delay,No,1302.86,Loyal & Satisfied
ORD1719,CUST341,Fashion,UPI,5770.42,10,6,6,2.0,Yes,Tier 3,0,On-Time,Yes,5193.38,Standard Order
ORD1720,CUST134,Beauty,DEBIT CARD,672.1,10,2,9,3.0,No,Tier 1,7,Severe Delay,No,604.89,Standard Order
ORD1721,CUST314,Electronics,DEBIT CARD,3601.82,0,5,5,4.0,No,Tier 2,0,On-Time,No,3601.82,Loyal & Satisfied
ORD1722,CUST180,Beauty,CASH ON DELIVERY,3154.33,0,6,10,5.0,No,Tier 1,4,Severe Delay,No,3154.33,Loyal & Satisfied
ORD1723,CUST189,Books,UPI,1095.24,5,6,7,5.0,Yes,Tier 3,1,Unknown Status,No,1040.48,Standard Order
ORD1724,CUST107,Books,CASH ON DELIVERY,917.66,20,7,7,3.0,No,Tier 3,0,On-Time,No,734.13,Standard Order
ORD1725,CUST192,Books,CASH ON DELIVERY,4732.16,10,6,6,2.0,No,Tier 2,0,On-Time,Yes,4258.94,Standard Order
ORD1726,CUST253,Books,CREDIT CARD,330.6,15,2,2,3.0,No,Tier 2,0,On-Time,No,281.01,Standard Order
ORD1727,CUST301,Home & Kitchen,CASH ON DELIVERY,1152.32,50,4,3,3.0,No,Tier 3,-1,Early,No,576.16,Standard Order
ORD1728,CUST189,Electronics,UPI,4833.45,20,2,1,3.0,No,Tier 2,-1,Early,Yes,3866.76,Standard Order
ORD1729,CUST261,Electronics,UPI,1172.95,10,4,3,4.0,No,Tier 1,-1,Early,No,1055.66,Loyal & Satisfied
ORD1730,CUST214,Beauty,CREDIT CARD,452.59,10,6,6,1.0,No,Tier 2,0,On-Time,No,407.33,Standard Order
ORD1731,CUST204,Home & Kitchen,UPI,1247.25,15,6,7,5.0,Yes,Tier 1,1,Unknown Status,No,1060.16,Standard Order
ORD1732,CUST234,Books,UPI,474.45,15,5,4,3.0,No,Tier 1,-1,Early,No,403.28,Standard Order
ORD1733,CUST295,Fashion,CASH ON DELIVERY,1080.02,10,4,3,4.0,No,Tier 3,-1,Early,No,972.02,Standard Order
ORD1734,CUST157,Electronics,CASH ON DELIVERY,292.31,15,6,7,2.0,Yes,Tier 2,1,Unknown Status,No,248.46,Standard Order
ORD1735,CUST344,Electronics,CASH ON DELIVERY,1316.11,0,7,7,3.0,Yes,Tier 1,0,On-Time,No,1316.11,Standard Order
ORD1736,CUST213,Home & Kitchen,UPI,1072.76,10,3,2,2.0,No,Tier 1,-1,Early,No,965.48,Standard Order
ORD1737,CUST336,Fashion,DEBIT CARD,1817.23,5,5,5,4.0,No,Tier 1,0,On-Time,No,1726.37,Loyal & Satisfied
ORD1738,CUST174,Electronics,UPI,1395.38,0,2,6,5.0,No,Tier 1,4,Severe Delay,No,1395.38,Loyal & Satisfied
ORD1739,CUST256,Fashion,DEBIT CARD,1157.16,0,5,7,4.0,No,Tier 1,2,Unknown Status,No,1157.16,Loyal & Satisfied
ORD1740,CUST219,Electronics,DEBIT CARD,1604.56,15,3,3,3.0,Yes,Tier 2,0,On-Time,No,1363.88,Standard Order
ORD1741,CUST263,Home & Kitchen,UPI,386.5,10,4,5,5.0,Yes,Tier 1,1,Unknown Status,No,347.85,Standard Order
ORD1742,CUST316,Fashion,DEBIT CARD,1285.71,5,2,2,3.0,No,Tier 2,0,On-Time,No,1221.42,Standard Order
ORD1743,CUST120,Books,CREDIT CARD,426.65,10,2,3,2.0,Yes,Tier 1,1,Unknown Status,No,383.98,Standard Order
ORD1744,CUST348,Fashion,CASH ON DELIVERY,3316.71,10,4,5,4.0,No,Tier 3,1,Unknown Status,No,2985.04,Loyal & Satisfied
ORD1745,CUST263,Fashion,CREDIT CARD,284.94,0,5,6,5.0,No,Tier 1,1,Unknown Status,No,284.94,Standard Order
ORD1746,CUST237,Electronics,UPI,875.33,15,6,6,1.0,No,Tier 1,0,On-Time,No,744.03,Standard Order
ORD1747,CUST200,Electronics,CASH ON DELIVERY,1628.07,20,5,4,3.0,No,Tier 1,-1,Early,No,1302.46,Standard Order
ORD1748,CUST300,Fashion,DEBIT CARD,935.04,20,3,3,5.0,Yes,Tier 2,0,On-Time,No,748.03,Standard Order
ORD1749,CUST251,Fashion,UPI,315.94,15,7,9,2.0,No,Tier 2,2,Unknown Status,No,268.55,Standard Order
ORD1750,CUST291,Home & Kitchen,CASH ON DELIVERY,1167.25,10,6,6,2.0,Yes,Tier 1,0,On-Time,No,1050.53,Standard Order
ORD1751,CUST326,Fashion,DEBIT CARD,1431.43,0,5,7,4.0,No,Tier 1,2,Unknown Status,No,1431.43,Loyal & Satisfied
ORD1752,CUST276,Home & Kitchen,CREDIT CARD,1660.03,5,7,14,5.0,No,Tier 1,7,Severe Delay,No,1577.03,Loyal & Satisfied
ORD1753,CUST198,Beauty,CASH ON DELIVERY,760.67,0,7,7,4.0,No,Tier 2,0,On-Time,No,760.67,Standard Order
ORD1754,CUST339,Books,DEBIT CARD,1195.2,50,4,5,4.0,No,Tier 2,1,Unknown Status,No,597.6,Loyal & Satisfied
ORD1755,CUST135,Electronics,CREDIT CARD,918.9,0,3,4,4.0,Yes,Tier 1,1,Unknown Status,No,918.9,Standard Order
ORD1756,CUST309,Fashion,UPI,1537.9,0,3,10,1.0,No,Tier 1,7,Severe Delay,No,1537.9,Standard Order
ORD1757,CUST340,Electronics,UPI,1251.21,30,3,10,4.0,No,Tier 1,7,Severe Delay,No,875.85,Loyal & Satisfied
ORD1758,CUST330,Electronics,UPI,1095.24,30,6,7,3.0,No,Tier 1,1,Unknown Status,No,766.67,Standard Order
ORD1759,CUST195,Beauty,UPI,544.46,20,2,2,3.0,Yes,Tier 2,0,On-Time,No,435.57,Standard Order
ORD1760,CUST251,Electronics,UPI,202.42,0,6,7,4.0,No,Tier 1,1,Unknown Status,No,202.42,Standard Order
ORD1761,CUST250,Fashion,CASH ON DELIVERY,429.51,0,5,4,3.0,Yes,Tier 1,-1,Early,No,429.51,Standard Order
ORD1762,CUST289,Home & Kitchen,CASH ON DELIVERY,349.41,5,7,8,2.0,No,Tier 1,1,Unknown Status,No,331.94,Standard Order
ORD1763,CUST323,Home & Kitchen,UPI,915.41,0,7,11,1.0,No,Tier 3,4,Severe Delay,No,915.41,Standard Order
ORD1764,CUST136,Home & Kitchen,DEBIT CARD,1336.9,0,2,2,3.0,No,Tier 3,0,On-Time,No,1336.9,Standard Order
ORD1765,CUST111,Electronics,DEBIT CARD,487.56,10,5,6,5.0,No,Tier 1,1,Unknown Status,No,438.8,Standard Order
ORD1766,CUST212,Fashion,UPI,3557.38,30,2,2,4.0,No,Tier 1,0,On-Time,No,2490.17,Loyal & Satisfied
ORD1767,CUST282,Fashion,CREDIT CARD,208.05,5,7,7,4.0,No,Tier 1,0,On-Time,No,197.65,Standard Order
ORD1768,CUST112,Electronics,DEBIT CARD,1975.68,15,6,6,3.0,No,Tier 2,0,On-Time,No,1679.33,Standard Order
ORD1769,CUST122,Fashion,CREDIT CARD,1377.65,15,3,4,3.0,No,Tier 1,1,Unknown Status,No,1171.0,Standard Order
ORD1770,CUST316,Electronics,CASH ON DELIVERY,761.23,5,7,11,2.0,Yes,Tier 2,4,Severe Delay,No,723.17,Standard Order
ORD1771,CUST198,Electronics,CREDIT CARD,262.17,15,4,8,2.0,No,Tier 2,4,Severe Delay,No,222.84,Standard Order
ORD1772,CUST204,Fashion,CASH ON DELIVERY,1384.98,5,3,3,3.0,No,Tier 3,0,On-Time,No,1315.73,Standard Order
ORD1773,CUST129,Electronics,UPI,784.56,0,7,9,4.0,No,Tier 1,2,Unknown Status,No,784.56,Standard Order
ORD1774,CUST116,Home & Kitchen,UPI,3503.67,15,6,7,5.0,No,Tier 3,1,Unknown Status,No,2978.12,Loyal & Satisfied
ORD1775,CUST212,Home & Kitchen,UPI,1137.04,0,2,2,4.0,No,Tier 2,0,On-Time,No,1137.04,Loyal & Satisfied
ORD1776,CUST161,Books,DEBIT CARD,3569.14,50,3,2,3.0,No,Tier 1,-1,Early,No,1784.57,Standard Order
ORD1777,CUST183,Electronics,UPI,498.9,0,6,6,5.0,Yes,Tier 1,0,On-Time,No,498.9,Standard Order
ORD1778,CUST211,Electronics,CASH ON DELIVERY,1752.35,10,5,9,3.0,No,Tier 1,4,Severe Delay,No,1577.12,Standard Order
ORD1779,CUST316,Electronics,UPI,1352.44,10,4,5,2.0,No,Tier 1,1,Unknown Status,No,1217.2,Standard Order
ORD1780,CUST185,Home & Kitchen,CREDIT CARD,1813.76,0,3,4,5.0,No,Tier 1,1,Unknown Status,No,1813.76,Loyal & Satisfied
ORD1781,CUST240,Home & Kitchen,CASH ON DELIVERY,489.98,0,2,2,4.0,No,Tier 2,0,On-Time,No,489.98,Standard Order
ORD1782,CUST286,Electronics,UPI,1512.33,15,5,6,2.0,No,Tier 1,1,Unknown Status,No,1285.48,Standard Order
ORD1783,CUST118,Beauty,DEBIT CARD,1027.08,20,6,5,3.0,No,Tier 3,-1,Early,No,821.66,Standard Order
ORD1784,CUST276,Electronics,CASH ON DELIVERY,1829.6,20,4,4,3.0,Yes,Tier 1,0,On-Time,No,1463.68,Standard Order
ORD1785,CUST199,Fashion,CASH ON DELIVERY,675.29,10,2,3,4.0,No,Tier 3,1,Unknown Status,No,607.76,Standard Order
ORD1786,CUST239,Home & Kitchen,CREDIT CARD,2849.35,20,6,5,4.0,No,Tier 1,-1,Early,No,2279.48,Loyal & Satisfied
ORD1787,CUST288,Beauty,DEBIT CARD,305.68,15,6,8,4.0,No,Tier 2,2,Unknown Status,No,259.83,Standard Order
ORD1788,CUST332,Home & Kitchen,UPI,2175.26,15,3,3,1.0,No,Tier 1,0,On-Time,No,1848.97,Standard Order
ORD1789,CUST246,Books,CASH ON DELIVERY,2570.7,10,3,4,3.0,No,Tier 1,1,Unknown Status,No,2313.63,Standard Order
ORD1790,CUST175,Fashion,CASH ON DELIVERY,2239.58,15,2,2,4.0,Yes,Tier 3,0,On-Time,No,1903.64,Standard Order
ORD1791,CUST108,Books,CREDIT CARD,1062.72,20,7,7,4.0,No,Tier 1,0,On-Time,No,850.18,Standard Order
ORD1792,CUST298,Electronics,UPI,892.33,5,7,6,3.0,Yes,Tier 2,-1,Early,No,847.71,Standard Order
ORD1793,CUST127,Beauty,UPI,1095.24,20,6,5,4.0,No,Tier 2,-1,Early,No,876.19,Standard Order
ORD1794,CUST305,Fashion,DEBIT CARD,512.35,10,3,7,5.0,No,Tier 2,4,Severe Delay,No,461.12,Standard Order
ORD1795,CUST322,Books,CASH ON DELIVERY,1149.91,0,4,4,5.0,No,Tier 2,0,On-Time,No,1149.91,Loyal & Satisfied
ORD1796,CUST227,Fashion,CASH ON DELIVERY,1532.85,0,4,6,5.0,No,Tier 2,2,Unknown Status,No,1532.85,Loyal & Satisfied
ORD1797,CUST151,Home & Kitchen,UPI,1648.24,5,6,13,5.0,Yes,Tier 1,7,Severe Delay,No,1565.83,Standard Order
ORD1798,CUST182,Fashion,UPI,473.82,10,3,3,4.0,No,Tier 2,0,On-Time,No,426.44,Standard Order
ORD1799,CUST349,Home & Kitchen,CASH ON DELIVERY,1473.56,20,2,2,5.0,No,Tier 3,0,On-Time,No,1178.85,Loyal & Satisfied
ORD1800,CUST210,Electronics,UPI,2246.94,0,2,3,3.0,No,Tier 1,1,Unknown Status,No,2246.94,Standard Order
ORD1801,CUST243,Electronics,CREDIT CARD,261.58,20,2,9,3.0,No,Tier 1,7,Severe Delay,No,209.26,Standard Order
ORD1802,CUST216,Electronics,UPI,3109.99,30,4,8,3.0,No,Tier 2,4,Severe Delay,No,2176.99,Standard Order
ORD1803,CUST168,Electronics,DEBIT CARD,235.94,0,3,3,4.0,No,Tier 1,0,On-Time,No,235.94,Standard Order
ORD1804,CUST198,Beauty,CASH ON DELIVERY,728.01,30,3,4,3.0,Yes,Tier 1,1,Unknown Status,No,509.61,High Risk Transaction
ORD1805,CUST239,Electronics,UPI,219.13,50,4,3,4.0,No,Tier 1,-1,Early,No,109.56,Standard Order
ORD1806,CUST124,Beauty,CREDIT CARD,296.34,15,2,9,3.0,Yes,Tier 2,7,Severe Delay,No,251.89,Standard Order
ORD1807,CUST279,Fashion,DEBIT CARD,3105.21,20,2,9,2.0,No,Tier 1,7,Severe Delay,No,2484.17,Standard Order
ORD1808,CUST222,Electronics,UPI,725.95,50,6,6,4.0,No,Tier 2,0,On-Time,No,362.98,Standard Order
ORD1809,CUST312,Books,UPI,863.59,15,7,7,1.0,Yes,Tier 2,0,On-Time,No,734.05,Standard Order
ORD1810,CUST327,Home & Kitchen,DEBIT CARD,491.01,5,5,4,2.0,Yes,Tier 1,-1,Early,No,466.46,Standard Order
ORD1811,CUST152,Fashion,CREDIT CARD,1290.87,20,7,7,3.0,No,Tier 2,0,On-Time,No,1032.7,Standard Order
ORD1812,CUST250,Home & Kitchen,CREDIT CARD,1284.06,15,3,5,4.0,No,Tier 3,2,Unknown Status,No,1091.45,Loyal & Satisfied
ORD1813,CUST243,Home & Kitchen,UPI,758.64,10,3,3,3.0,Yes,Tier 2,0,On-Time,No,682.78,Standard Order
ORD1814,CUST156,Electronics,CASH ON DELIVERY,686.02,5,3,2,4.0,Yes,Tier 3,-1,Early,No,651.72,Standard Order
ORD1815,CUST138,Beauty,DEBIT CARD,2795.02,20,7,7,4.0,No,Tier 1,0,On-Time,No,2236.02,Loyal & Satisfied
ORD1816,CUST208,Beauty,DEBIT CARD,780.02,0,5,12,3.0,No,Tier 2,7,Severe Delay,No,780.02,Standard Order
ORD1817,CUST280,Home & Kitchen,DEBIT CARD,1016.28,30,6,7,3.0,No,Tier 1,1,Unknown Status,No,711.4,Standard Order
ORD1818,CUST141,Electronics,CREDIT CARD,599.73,5,7,7,3.0,Yes,Tier 1,0,On-Time,No,569.74,Standard Order
ORD1819,CUST285,Home & Kitchen,CASH ON DELIVERY,1095.24,0,5,5,4.0,No,Tier 1,0,On-Time,No,1095.24,Standard Order
ORD1820,CUST266,Electronics,UPI,807.9,10,2,9,1.0,Yes,Tier 1,7,Severe Delay,No,727.11,Standard Order
ORD1821,CUST241,Electronics,UPI,1064.9,0,2,4,1.0,Yes,Tier 3,2,Unknown Status,No,1064.9,Standard Order
ORD1822,CUST322,Fashion,UPI,550.6,15,3,3,4.0,No,Tier 1,0,On-Time,No,468.01,Standard Order
ORD1823,CUST221,Fashion,DEBIT CARD,5473.85,30,4,3,4.0,No,Tier 2,-1,Early,Yes,3831.7,Loyal & Satisfied
ORD1824,CUST232,Beauty,CASH ON DELIVERY,613.52,20,3,2,2.0,No,Tier 2,-1,Early,No,490.82,Standard Order
ORD1825,CUST262,Home & Kitchen,CREDIT CARD,1967.49,0,4,3,3.0,No,Tier 2,-1,Early,No,1967.49,Standard Order
ORD1826,CUST314,Home & Kitchen,CASH ON DELIVERY,869.28,0,5,5,5.0,No,Tier 1,0,On-Time,No,869.28,Standard Order
ORD1827,CUST320,Fashion,CASH ON DELIVERY,477.13,20,2,6,5.0,No,Tier 2,4,Severe Delay,No,381.7,Standard Order
ORD1828,CUST334,Fashion,CREDIT CARD,2129.64,30,7,7,4.0,No,Tier 1,0,On-Time,No,1490.75,Loyal & Satisfied
ORD1829,CUST174,Fashion,DEBIT CARD,687.05,10,4,6,4.0,No,Tier 1,2,Unknown Status,No,618.34,Standard Order
ORD1830,CUST245,Beauty,CASH ON DELIVERY,2604.7,10,5,5,4.0,No,Tier 3,0,On-Time,No,2344.23,Loyal & Satisfied
ORD1831,CUST338,Electronics,UPI,3161.76,5,2,3,4.0,No,Tier 1,1,Unknown Status,No,3003.67,Loyal & Satisfied
ORD1832,CUST175,Beauty,CREDIT CARD,2557.83,30,7,8,4.0,No,Tier 1,1,Unknown Status,No,1790.48,Loyal & Satisfied
ORD1833,CUST108,Home & Kitchen,UPI,242.76,15,4,4,3.0,No,Tier 3,0,On-Time,No,206.35,Standard Order
ORD1834,CUST173,Fashion,DEBIT CARD,2057.86,5,3,3,5.0,No,Tier 1,0,On-Time,No,1954.97,Loyal & Satisfied
ORD1835,CUST285,Home & Kitchen,CREDIT CARD,835.89,5,3,4,2.0,No,Tier 2,1,Unknown Status,No,794.1,Standard Order
ORD1836,CUST335,Fashion,UPI,2683.13,30,3,2,3.0,No,Tier 1,-1,Early,No,1878.19,Standard Order
ORD1837,CUST244,Beauty,UPI,1419.18,0,5,5,4.0,No,Tier 1,0,On-Time,No,1419.18,Loyal & Satisfied
ORD1838,CUST329,Beauty,CASH ON DELIVERY,2352.34,5,3,3,3.0,Yes,Tier 1,0,On-Time,No,2234.72,Standard Order
ORD1839,CUST106,Fashion,CASH ON DELIVERY,1030.41,10,6,13,5.0,No,Tier 1,7,Severe Delay,No,927.37,Standard Order
ORD1840,CUST273,Fashion,CASH ON DELIVERY,1118.93,0,2,2,2.0,No,Tier 1,0,On-Time,No,1118.93,Standard Order
ORD1841,CUST240,Home & Kitchen,CREDIT CARD,387.13,0,5,7,4.0,No,Tier 2,2,Unknown Status,No,387.13,Standard Order
ORD1842,CUST267,Beauty,CREDIT CARD,2038.9,20,7,7,5.0,No,Tier 2,0,On-Time,No,1631.12,Loyal & Satisfied
ORD1843,CUST269,Electronics,DEBIT CARD,852.41,30,3,4,5.0,Yes,Tier 3,1,Unknown Status,No,596.69,High Risk Transaction
ORD1844,CUST236,Home & Kitchen,CASH ON DELIVERY,1031.97,20,2,2,2.0,No,Tier 1,0,On-Time,No,825.58,Standard Order
ORD1845,CUST277,Home & Kitchen,UPI,2045.09,30,4,6,3.0,No,Tier 2,2,Unknown Status,No,1431.56,Standard Order
ORD1846,CUST126,Home & Kitchen,UPI,1296.09,10,3,3,4.0,No,Tier 2,0,On-Time,No,1166.48,Loyal & Satisfied
ORD1847,CUST221,Electronics,DEBIT CARD,469.42,20,2,3,2.0,No,Tier 3,1,Unknown Status,No,375.54,Standard Order
ORD1848,CUST293,Home & Kitchen,CREDIT CARD,1270.6,5,6,7,4.0,No,Tier 1,1,Unknown Status,No,1207.07,Loyal & Satisfied
ORD1849,CUST104,Beauty,DEBIT CARD,828.35,15,4,4,5.0,No,Tier 2,0,On-Time,No,704.1,Standard Order
ORD1850,CUST128,Electronics,DEBIT CARD,960.78,50,6,5,2.0,No,Tier 3,-1,Early,No,480.39,Standard Order
ORD1851,CUST264,Electronics,DEBIT CARD,234.46,5,7,6,2.0,Yes,Tier 1,-1,Early,No,222.74,Standard Order
ORD1852,CUST265,Beauty,DEBIT CARD,482.91,5,2,1,2.0,No,Tier 3,-1,Early,No,458.76,Standard Order
ORD1853,CUST182,Electronics,UPI,595.94,10,6,8,5.0,No,Tier 1,2,Unknown Status,No,536.35,Standard Order
ORD1854,CUST235,Beauty,CASH ON DELIVERY,1697.76,0,7,7,2.0,No,Tier 2,0,On-Time,No,1697.76,Standard Order
ORD1855,CUST339,Fashion,UPI,213.87,0,2,2,3.0,No,Tier 3,0,On-Time,No,213.87,Standard Order
ORD1856,CUST208,Electronics,DEBIT CARD,830.67,20,2,3,3.0,No,Tier 2,1,Unknown Status,No,664.54,Standard Order
ORD1857,CUST164,Beauty,DEBIT CARD,3292.85,50,6,6,4.0,Yes,Tier 1,0,On-Time,No,1646.42,High Risk Transaction
ORD1858,CUST185,Fashion,DEBIT CARD,342.38,10,2,2,1.0,Yes,Tier 1,0,On-Time,No,308.14,Standard Order
ORD1859,CUST343,Fashion,CASH ON DELIVERY,1071.86,0,3,3,3.0,No,Tier 3,0,On-Time,No,1071.86,Standard Order
ORD1860,CUST244,Fashion,CREDIT CARD,2053.07,0,2,9,5.0,No,Tier 2,7,Severe Delay,No,2053.07,Loyal & Satisfied
ORD1861,CUST170,Home & Kitchen,CREDIT CARD,3627.82,30,5,7,5.0,No,Tier 1,2,Unknown Status,No,2539.47,Loyal & Satisfied
ORD1862,CUST316,Electronics,UPI,1848.18,10,7,9,4.0,No,Tier 2,2,Unknown Status,No,1663.36,Loyal & Satisfied
ORD1863,CUST144,Fashion,CREDIT CARD,1729.99,5,2,2,1.0,No,Tier 2,0,On-Time,No,1643.49,Standard Order
ORD1864,CUST231,Beauty,DEBIT CARD,2301.81,10,5,6,3.0,No,Tier 1,1,Unknown Status,No,2071.63,Standard Order
ORD1865,CUST135,Fashion,DEBIT CARD,909.14,5,2,1,4.0,No,Tier 1,-1,Early,No,863.68,Standard Order
ORD1866,CUST169,Home & Kitchen,DEBIT CARD,2166.92,10,2,1,3.0,No,Tier 1,-1,Early,No,1950.23,Standard Order
ORD1867,CUST258,Fashion,UPI,209.6,30,6,5,5.0,Yes,Tier 2,-1,Early,No,146.72,High Risk Transaction
ORD1868,CUST118,Books,DEBIT CARD,3301.32,10,3,3,4.0,No,Tier 2,0,On-Time,No,2971.19,Loyal & Satisfied
ORD1869,CUST288,Electronics,CREDIT CARD,902.89,15,7,7,1.0,Yes,Tier 2,0,On-Time,No,767.46,Standard Order
ORD1870,CUST207,Beauty,CASH ON DELIVERY,1167.26,5,3,3,5.0,No,Tier 3,0,On-Time,No,1108.9,Loyal & Satisfied
ORD1871,CUST281,Fashion,CASH ON DELIVERY,553.06,15,4,3,4.0,Yes,Tier 3,-1,Early,No,470.1,Standard Order
ORD1872,CUST266,Electronics,UPI,1828.23,15,6,6,1.0,No,Tier 2,0,On-Time,No,1554.0,Standard Order
ORD1873,CUST190,Electronics,CREDIT CARD,295.68,0,6,7,4.0,No,Tier 1,1,Unknown Status,No,295.68,Standard Order
ORD1874,CUST301,Electronics,DEBIT CARD,2672.85,10,3,3,3.0,No,Tier 2,0,On-Time,No,2405.56,Standard Order
ORD1875,CUST189,Fashion,CASH ON DELIVERY,2313.13,5,6,7,3.0,No,Tier 1,1,Unknown Status,No,2197.47,Standard Order
ORD1876,CUST118,Fashion,CREDIT CARD,492.11,20,3,3,2.0,No,Tier 2,0,On-Time,No,393.69,Standard Order
ORD1877,CUST138,Books,CASH ON DELIVERY,2188.62,10,6,8,4.0,No,Tier 2,2,Unknown Status,No,1969.76,Loyal & Satisfied
ORD1878,CUST225,Fashion,DEBIT CARD,2052.14,50,2,2,4.0,Yes,Tier 1,0,On-Time,No,1026.07,High Risk Transaction
ORD1879,CUST294,Electronics,CASH ON DELIVERY,1400.31,0,3,3,4.0,No,Tier 3,0,On-Time,No,1400.31,Loyal & Satisfied
ORD1880,CUST272,Home & Kitchen,UPI,761.17,20,3,3,2.0,Yes,Tier 1,0,On-Time,No,608.94,Standard Order
ORD1881,CUST240,Home & Kitchen,UPI,580.12,15,5,6,4.0,No,Tier 2,1,Unknown Status,No,493.1,Standard Order
ORD1882,CUST341,Electronics,CASH ON DELIVERY,516.42,20,6,8,3.0,No,Tier 1,2,Unknown Status,No,413.14,Standard Order
ORD1883,CUST319,Electronics,CREDIT CARD,660.34,5,6,6,5.0,No,Tier 3,0,On-Time,No,627.32,Standard Order
ORD1884,CUST225,Electronics,CREDIT CARD,3006.58,10,3,3,3.0,No,Tier 1,0,On-Time,No,2705.92,Standard Order
ORD1885,CUST157,Home & Kitchen,CREDIT CARD,296.98,20,2,4,2.0,No,Tier 1,2,Unknown Status,No,237.58,Standard Order
ORD1886,CUST247,Home & Kitchen,CASH ON DELIVERY,2318.41,5,2,3,2.0,No,Tier 1,1,Unknown Status,No,2202.49,Standard Order
ORD1887,CUST319,Fashion,CREDIT CARD,714.89,5,7,7,4.0,No,Tier 1,0,On-Time,No,679.15,Standard Order
ORD1888,CUST299,Books,DEBIT CARD,1084.77,10,2,2,3.0,Yes,Tier 1,0,On-Time,No,976.29,Standard Order
ORD1889,CUST160,Books,UPI,2098.69,10,6,6,4.0,Yes,Tier 2,0,On-Time,No,1888.82,Standard Order
ORD1890,CUST226,Home & Kitchen,DEBIT CARD,1095.24,5,5,6,3.0,No,Tier 1,1,Unknown Status,No,1040.48,Standard Order
ORD1891,CUST204,Beauty,CREDIT CARD,707.34,5,3,3,3.0,No,Tier 1,0,On-Time,No,671.97,Standard Order
ORD1892,CUST266,Electronics,DEBIT CARD,943.53,5,4,11,4.0,No,Tier 1,7,Severe Delay,No,896.35,Standard Order
ORD1893,CUST100,Electronics,CREDIT CARD,842.38,20,5,5,5.0,Yes,Tier 3,0,On-Time,No,673.9,Standard Order
ORD1894,CUST230,Fashion,CASH ON DELIVERY,216.01,15,4,4,5.0,No,Tier 2,0,On-Time,No,183.61,Standard Order
ORD1895,CUST304,Electronics,DEBIT CARD,621.07,20,5,5,3.0,No,Tier 2,0,On-Time,No,496.86,Standard Order
ORD1896,CUST191,Fashion,CASH ON DELIVERY,937.62,50,2,6,3.0,No,Tier 2,4,Severe Delay,No,468.81,Standard Order
ORD1897,CUST289,Beauty,CASH ON DELIVERY,835.39,10,6,8,2.0,No,Tier 1,2,Unknown Status,No,751.85,Standard Order
ORD1898,CUST348,Electronics,UPI,1735.86,0,4,4,4.0,No,Tier 1,0,On-Time,No,1735.86,Loyal & Satisfied
ORD1899,CUST290,Electronics,CREDIT CARD,782.98,0,5,6,4.0,Yes,Tier 1,1,Unknown Status,No,782.98,Standard Order
ORD1900,CUST212,Fashion,UPI,1006.55,5,6,6,5.0,No,Tier 3,0,On-Time,No,956.22,Standard Order
ORD1901,CUST252,Beauty,CREDIT CARD,873.72,30,4,4,5.0,No,Tier 3,0,On-Time,No,611.6,Standard Order
ORD1902,CUST155,Fashion,UPI,1819.38,10,3,3,3.0,No,Tier 2,0,On-Time,No,1637.44,Standard Order
ORD1903,CUST260,Fashion,CREDIT CARD,2585.09,5,5,5,4.0,No,Tier 1,0,On-Time,No,2455.84,Loyal & Satisfied
ORD1904,CUST265,Electronics,CASH ON DELIVERY,1110.86,5,3,3,5.0,No,Tier 1,0,On-Time,No,1055.32,Loyal & Satisfied
ORD1905,CUST216,Electronics,DEBIT CARD,2069.54,10,2,6,5.0,No,Tier 1,4,Severe Delay,No,1862.59,Loyal & Satisfied
ORD1906,CUST233,Beauty,DEBIT CARD,622.51,15,3,3,1.0,No,Tier 2,0,On-Time,No,529.13,Standard Order
ORD1907,CUST157,Beauty,UPI,1135.41,0,3,10,3.0,No,Tier 1,7,Severe Delay,No,1135.41,Standard Order
ORD1908,CUST143,Electronics,UPI,708.17,50,7,7,3.0,No,Tier 3,0,On-Time,No,354.08,Standard Order
ORD1909,CUST272,Beauty,UPI,841.73,10,5,6,3.0,No,Tier 1,1,Unknown Status,No,757.56,Standard Order
ORD1910,CUST259,Home & Kitchen,UPI,1781.98,0,2,2,2.0,No,Tier 3,0,On-Time,No,1781.98,Standard Order
ORD1911,CUST272,Beauty,CASH ON DELIVERY,2761.06,30,3,2,1.0,No,Tier 2,-1,Early,No,1932.74,Standard Order
ORD1912,CUST160,Fashion,UPI,355.44,0,6,6,4.0,No,Tier 2,0,On-Time,No,355.44,Standard Order
ORD1913,CUST146,Fashion,DEBIT CARD,1408.24,30,4,3,3.0,Yes,Tier 2,-1,Early,No,985.77,High Risk Transaction
ORD1914,CUST248,Fashion,CASH ON DELIVERY,1247.14,50,3,4,1.0,No,Tier 2,1,Unknown Status,No,623.57,Standard Order
ORD1915,CUST179,Home & Kitchen,CREDIT CARD,351.24,15,2,2,3.0,Yes,Tier 2,0,On-Time,No,298.55,Standard Order
ORD1916,CUST217,Electronics,UPI,485.75,20,3,4,5.0,No,Tier 2,1,Unknown Status,No,388.6,Standard Order
ORD1917,CUST312,Electronics,UPI,647.02,5,4,4,5.0,No,Tier 2,0,On-Time,No,614.67,Standard Order
ORD1918,CUST302,Fashion,CREDIT CARD,419.17,30,2,2,4.0,No,Tier 3,0,On-Time,No,293.42,Standard Order
ORD1919,CUST328,Home & Kitchen,UPI,535.23,10,5,5,3.0,No,Tier 2,0,On-Time,No,481.71,Standard Order
ORD1920,CUST263,Electronics,CREDIT CARD,573.72,15,2,6,4.0,No,Tier 2,4,Severe Delay,No,487.66,Standard Order
ORD1921,CUST326,Home & Kitchen,CASH ON DELIVERY,690.78,30,5,6,3.0,No,Tier 3,1,Unknown Status,No,483.55,Standard Order
ORD1922,CUST246,Beauty,DEBIT CARD,1860.63,50,2,2,3.0,Yes,Tier 1,0,On-Time,No,930.32,High Risk Transaction
ORD1923,CUST119,Electronics,CREDIT CARD,1218.11,20,4,4,3.0,Yes,Tier 1,0,On-Time,No,974.49,Standard Order
ORD1924,CUST284,Home & Kitchen,UPI,5343.77,5,4,3,2.0,No,Tier 2,-1,Early,Yes,5076.58,Standard Order
ORD1925,CUST245,Fashion,CREDIT CARD,842.83,50,2,9,3.0,No,Tier 2,7,Severe Delay,No,421.42,Standard Order
ORD1926,CUST146,Beauty,UPI,1882.25,15,3,4,5.0,Yes,Tier 3,1,Unknown Status,No,1599.91,Standard Order
ORD1927,CUST332,Electronics,CASH ON DELIVERY,2661.9,30,4,4,4.0,Yes,Tier 1,0,On-Time,No,1863.33,High Risk Transaction
ORD1928,CUST148,Home & Kitchen,CASH ON DELIVERY,1563.5,15,5,5,3.0,No,Tier 2,0,On-Time,No,1328.98,Standard Order
ORD1929,CUST113,Books,CREDIT CARD,836.96,5,5,4,5.0,No,Tier 2,-1,Early,No,795.11,Standard Order
ORD1930,CUST242,Beauty,DEBIT CARD,1880.93,5,6,13,1.0,No,Tier 1,7,Severe Delay,No,1786.88,Standard Order
ORD1931,CUST258,Home & Kitchen,UPI,473.29,10,7,7,3.0,Yes,Tier 2,0,On-Time,No,425.96,Standard Order
ORD1932,CUST100,Fashion,CASH ON DELIVERY,676.2,20,7,8,4.0,Yes,Tier 3,1,Unknown Status,No,540.96,Standard Order
ORD1933,CUST216,Home & Kitchen,UPI,1149.4,5,7,7,4.0,No,Tier 1,0,On-Time,No,1091.93,Loyal & Satisfied
ORD1934,CUST153,Beauty,UPI,1227.96,10,5,6,1.0,No,Tier 2,1,Unknown Status,No,1105.16,Standard Order
ORD1935,CUST217,Home & Kitchen,DEBIT CARD,226.87,5,6,7,3.0,No,Tier 2,1,Unknown Status,No,215.53,Standard Order
ORD1936,CUST102,Electronics,CASH ON DELIVERY,3683.0,20,7,8,4.0,No,Tier 1,1,Unknown Status,Yes,2946.4,Loyal & Satisfied
ORD1937,CUST243,Beauty,CREDIT CARD,1631.35,10,7,8,4.0,No,Tier 1,1,Unknown Status,No,1468.22,Loyal & Satisfied
ORD1938,CUST314,Home & Kitchen,UPI,1021.51,0,2,4,4.0,Yes,Tier 3,2,Unknown Status,No,1021.51,Standard Order
ORD1939,CUST284,Home & Kitchen,DEBIT CARD,3445.96,0,2,1,3.0,No,Tier 1,-1,Early,No,3445.96,Standard Order
ORD1940,CUST302,Electronics,CASH ON DELIVERY,893.85,0,2,2,2.0,No,Tier 1,0,On-Time,No,893.85,Standard Order
ORD1941,CUST111,Home & Kitchen,CASH ON DELIVERY,4920.85,10,3,3,3.0,No,Tier 1,0,On-Time,Yes,4428.77,Standard Order
ORD1942,CUST173,Fashion,CASH ON DELIVERY,1061.63,0,7,14,2.0,No,Tier 2,7,Severe Delay,No,1061.63,Standard Order
ORD1943,CUST323,Home & Kitchen,CASH ON DELIVERY,345.63,0,3,3,5.0,No,Tier 2,0,On-Time,No,345.63,Standard Order
ORD1944,CUST115,Electronics,CASH ON DELIVERY,1936.79,30,6,7,4.0,Yes,Tier 2,1,Unknown Status,No,1355.75,High Risk Transaction
ORD1945,CUST299,Home & Kitchen,UPI,1563.19,30,5,6,3.0,No,Tier 1,1,Unknown Status,No,1094.23,Standard Order
ORD1946,CUST201,Beauty,DEBIT CARD,1979.3,10,7,7,4.0,No,Tier 3,0,On-Time,No,1781.37,Loyal & Satisfied
ORD1947,CUST303,Electronics,CASH ON DELIVERY,3830.0,50,5,5,4.0,No,Tier 1,0,On-Time,Yes,1915.0,Loyal & Satisfied
ORD1948,CUST251,Beauty,UPI,1997.96,0,2,2,3.0,No,Tier 1,0,On-Time,No,1997.96,Standard Order
ORD1949,CUST255,Fashion,UPI,1334.05,15,7,7,5.0,No,Tier 2,0,On-Time,No,1133.94,Loyal & Satisfied
ORD1950,CUST216,Beauty,DEBIT CARD,2536.49,15,4,4,5.0,No,Tier 1,0,On-Time,No,2156.02,Loyal & Satisfied
ORD1951,CUST107,Books,CREDIT CARD,1095.24,10,3,2,4.0,No,Tier 3,-1,Early,No,985.72,Standard Order
ORD1952,CUST221,Home & Kitchen,CREDIT CARD,829.34,5,3,5,1.0,Yes,Tier 3,2,Unknown Status,No,787.87,Standard Order
ORD1953,CUST191,Home & Kitchen,CREDIT CARD,2801.87,10,7,14,4.0,No,Tier 1,7,Severe Delay,No,2521.68,Loyal & Satisfied
ORD1954,CUST263,Beauty,UPI,501.08,10,2,2,4.0,Yes,Tier 3,0,On-Time,No,450.97,Standard Order
ORD1955,CUST189,Fashion,CREDIT CARD,1704.81,15,3,3,2.0,No,Tier 2,0,On-Time,No,1449.09,Standard Order
ORD1956,CUST235,Fashion,UPI,2760.05,0,2,1,3.0,No,Tier 3,-1,Early,No,2760.05,Standard Order
ORD1957,CUST285,Home & Kitchen,CASH ON DELIVERY,1777.07,0,6,7,5.0,No,Tier 1,1,Unknown Status,No,1777.07,Loyal & Satisfied
ORD1958,CUST159,Books,UPI,1633.92,0,5,7,1.0,No,Tier 2,2,Unknown Status,No,1633.92,Standard Order
ORD1959,CUST277,Books,DEBIT CARD,1876.28,5,4,3,4.0,No,Tier 1,-1,Early,No,1782.47,Loyal & Satisfied
ORD1960,CUST127,Books,DEBIT CARD,950.71,10,5,5,4.0,Yes,Tier 3,0,On-Time,No,855.64,Standard Order
ORD1961,CUST319,Fashion,CASH ON DELIVERY,2687.39,0,5,6,3.0,No,Tier 1,1,Unknown Status,No,2687.39,Standard Order
ORD1962,CUST200,Books,UPI,472.94,30,6,7,1.0,Yes,Tier 2,1,Unknown Status,No,331.06,High Risk Transaction
ORD1963,CUST140,Electronics,CREDIT CARD,363.51,5,3,2,5.0,No,Tier 1,-1,Early,No,345.33,Standard Order
ORD1964,CUST327,Fashion,CREDIT CARD,603.42,0,4,5,3.0,No,Tier 1,1,Unknown Status,No,603.42,Standard Order
ORD1965,CUST291,Electronics,UPI,1110.06,15,3,3,4.0,No,Tier 2,0,On-Time,No,943.55,Loyal & Satisfied
ORD1966,CUST254,Fashion,UPI,1057.4,0,7,7,4.0,No,Tier 3,0,On-Time,No,1057.4,Standard Order
ORD1967,CUST345,Fashion,CREDIT CARD,2261.76,15,5,6,4.0,Yes,Tier 2,1,Unknown Status,No,1922.5,Standard Order
ORD1968,CUST290,Fashion,DEBIT CARD,822.16,15,7,9,4.0,Yes,Tier 3,2,Unknown Status,No,698.84,Standard Order
ORD1969,CUST244,Home & Kitchen,DEBIT CARD,994.78,5,2,2,4.0,No,Tier 1,0,On-Time,No,945.04,Standard Order
ORD1970,CUST300,Fashion,UPI,216.15,0,5,9,3.0,No,Tier 2,4,Severe Delay,No,216.15,Standard Order
ORD1971,CUST260,Fashion,CASH ON DELIVERY,832.63,5,3,3,4.0,Yes,Tier 2,0,On-Time,No,791.0,Standard Order
ORD1972,CUST344,Electronics,CREDIT CARD,1452.18,0,5,6,4.0,No,Tier 1,1,Unknown Status,No,1452.18,Loyal & Satisfied
ORD1973,CUST311,Fashion,UPI,218.76,0,2,2,3.0,No,Tier 2,0,On-Time,No,218.76,Standard Order
ORD1974,CUST304,Electronics,UPI,595.68,5,6,8,2.0,Yes,Tier 2,2,Unknown Status,No,565.9,Standard Order
ORD1975,CUST319,Electronics,CREDIT CARD,479.77,5,7,11,5.0,No,Tier 2,4,Severe Delay,No,455.78,Standard Order
ORD1976,CUST339,Home & Kitchen,CREDIT CARD,251.47,10,7,6,3.0,Yes,Tier 2,-1,Early,No,226.32,Standard Order
ORD1977,CUST256,Home & Kitchen,DEBIT CARD,983.01,15,3,7,4.0,No,Tier 2,4,Severe Delay,No,835.56,Standard Order
ORD1978,CUST240,Home & Kitchen,CASH ON DELIVERY,440.67,10,5,7,4.0,No,Tier 1,2,Unknown Status,No,396.6,Standard Order
ORD1979,CUST145,Fashion,CASH ON DELIVERY,1830.8,0,3,4,2.0,No,Tier 1,1,Unknown Status,No,1830.8,Standard Order
ORD1980,CUST134,Fashion,CREDIT CARD,2460.08,0,6,6,4.0,No,Tier 2,0,On-Time,No,2460.08,Loyal & Satisfied
ORD1981,CUST233,Beauty,UPI,1146.49,30,5,7,1.0,Yes,Tier 1,2,Unknown Status,No,802.54,High Risk Transaction
ORD1982,CUST181,Fashion,UPI,5001.51,10,5,7,3.0,No,Tier 1,2,Unknown Status,Yes,4501.36,Standard Order
ORD1983,CUST214,Fashion,UPI,918.45,30,3,3,4.0,No,Tier 1,0,On-Time,No,642.92,Standard Order
ORD1984,CUST296,Electronics,CREDIT CARD,1064.3,5,3,10,3.0,Yes,Tier 2,7,Severe Delay,No,1011.08,Standard Order
ORD1985,CUST146,Fashion,UPI,5635.83,15,2,1,4.0,No,Tier 1,-1,Early,Yes,4790.46,Loyal & Satisfied
ORD1986,CUST252,Fashion,DEBIT CARD,516.05,10,6,5,5.0,No,Tier 2,-1,Early,No,464.44,Standard Order
ORD1987,CUST293,Fashion,CREDIT CARD,3628.12,5,2,2,4.0,No,Tier 2,0,On-Time,No,3446.71,Loyal & Satisfied
ORD1988,CUST109,Home & Kitchen,CREDIT CARD,252.54,10,7,7,1.0,No,Tier 1,0,On-Time,No,227.29,Standard Order
ORD1989,CUST155,Fashion,UPI,909.55,10,5,6,2.0,No,Tier 2,1,Unknown Status,No,818.6,Standard Order
ORD1990,CUST129,Home & Kitchen,CREDIT CARD,287.09,5,3,2,4.0,No,Tier 2,-1,Early,No,272.74,Standard Order
ORD1991,CUST341,Books,CREDIT CARD,1767.8,5,5,12,5.0,No,Tier 2,7,Severe Delay,No,1679.41,Loyal & Satisfied
ORD1992,CUST208,Books,CREDIT CARD,1325.04,20,5,4,5.0,No,Tier 2,-1,Early,No,1060.03,Loyal & Satisfied
ORD1993,CUST104,Home & Kitchen,UPI,1671.6,30,4,3,5.0,No,Tier 1,-1,Early,No,1170.12,Loyal & Satisfied
ORD1994,CUST218,Beauty,DEBIT CARD,763.01,5,7,6,3.0,No,Tier 2,-1,Early,No,724.86,Standard Order
ORD1995,CUST347,Electronics,DEBIT CARD,753.46,5,4,4,3.0,No,Tier 1,0,On-Time,No,715.79,Standard Order
ORD1996,CUST132,Electronics,CREDIT CARD,255.65,0,5,9,4.0,No,Tier 3,4,Severe Delay,No,255.65,Standard Order
ORD1997,CUST217,Electronics,UPI,716.84,15,3,4,2.0,No,Tier 3,1,Unknown Status,No,609.31,Standard Order
ORD1998,CUST164,Home & Kitchen,DEBIT CARD,3378.97,5,5,7,1.0,No,Tier 2,2,Unknown Status,No,3210.02,Standard Order
ORD1999,CUST245,Beauty,DEBIT CARD,772.15,50,7,6,5.0,No,Tier 1,-1,Early,No,386.08,Standard Order
